unit_price,quantity,tax,total_price,branch_B,city_Los Angeles,city_New York,gender_Male,product_category_Fruits,product_category_Household,product_category_Personal Care,product_category_Stationery,customer_type
-0.9243162578330768,-1.2173769853787937,-1.0096734326478263,-1.010386189988784,False,False,True,True,False,False,True,False,Member
-1.4006688272218188,-0.05591604798591429,-0.8918426710789856,-0.8925524017962153,True,True,False,False,False,False,False,True,Normal
-1.6691584572409282,0.7736989072947138,-0.9943707363401846,-0.9943680029787493,False,False,True,False,True,False,False,False,Member
-0.5259122907079471,-0.8855310032665424,-0.7694211006178524,-0.7694125891565727,False,False,False,True,False,True,False,False,Normal
-1.2707544901157983,-0.5536850211542912,-0.9239783333250331,-0.9246888894850978,True,True,False,False,False,False,False,False,Member
0.06996146881833398,-0.22183903904203991,-0.10375381123544115,-0.10355657788318713,False,False,False,True,False,False,False,True,Normal
-0.02184466273658711,-1.549222967491045,-1.072414487509157,-1.072456664652669,False,False,False,True,False,False,True,False,Normal
1.2807630906464456,-0.22183903904203991,0.5695648263007911,0.5703085268952159,True,True,False,False,False,True,False,False,Normal
0.5740290967896938,1.603313862575342,1.8442794287273394,1.8443550762058616,False,False,False,False,True,False,False,False,Member
1.3136747227133043,1.4373908715192163,2.5619758855557326,2.5618697405866095,True,True,False,True,True,False,False,False,Member
-0.26261923417307864,-0.5536850211542912,-0.48785148855724625,-0.4882934071304612,False,False,False,True,False,False,False,False,Normal
-0.6835416863965854,0.27592993412633693,-0.3011585936040183,-0.30148130112593,True,True,False,True,False,True,False,False,Member
-1.307130504505484,-1.051453994322668,-1.0463999037861662,-1.0462268834237372,False,False,True,False,False,True,False,False,Normal
-0.3509609834051726,-0.8855310032665424,-0.7158616635411067,-0.715351207997705,True,True,False,False,True,False,False,False,Member
1.4972869858231466,-1.2173769853787937,-0.5613044308339262,-0.5611761580261198,True,True,False,False,False,False,False,False,Normal
-0.9156553020260088,-0.38776203009816557,-0.7112708546488143,-0.7115468885828219,True,True,False,True,False,False,False,True,Normal
-1.5080646792294627,-1.3832999764349192,-1.1412766208935443,-1.1415350961334443,True,True,False,False,False,False,True,False,Member
0.4198640834238826,0.7736989072947138,0.942950616207247,0.9434321705602147,True,True,False,True,True,False,False,False,Normal
1.516341088598696,-1.3832999764349192,-0.7678908309870883,-0.767510429449131,False,False,True,True,False,False,False,False,Member
-0.6679519659438627,-0.38776203009816557,-0.5888492841876811,-0.5890077579560553,False,False,False,True,False,False,True,False,Normal
-1.121786050234228,0.11000694307021133,-0.6730141138797102,-0.6734035807651764,True,True,False,False,False,False,True,False,Normal
-0.6991314068493079,-1.549222967491045,-1.1137317675397893,-1.1143041782163852,True,True,False,True,False,False,False,False,Normal
-1.5392441201349076,0.9396218983508394,-0.8535859303098815,-0.8530075026151919,False,False,True,False,False,False,False,False,Member
1.4228027658823614,-1.3832999764349192,-0.7786027184024374,-0.7790235013625934,False,False,False,True,True,False,False,False,Normal
0.08555118927105641,1.2714678804630908,0.9980403229147568,0.9974935517190823,True,True,False,True,False,False,False,False,Member
0.5376530824000079,0.9396218983508394,1.2015661838063907,1.2020257771034646,True,True,False,True,True,False,False,False,Normal
-0.2227788374605656,-1.3832999764349192,-0.9821285792940713,-0.9825545900588486,False,False,True,True,False,True,False,False,Member
0.9741652550762372,1.105544889406965,1.8106134968505279,1.8103164288095377,False,False,True,False,False,False,True,False,Member
0.25357373192817645,1.105544889406965,1.0531300296222668,1.0527562969037025,True,True,False,False,False,False,False,True,Member
0.2656990700580715,0.7736989072947138,0.8006355405461798,0.8004698514956538,False,False,False,True,False,False,True,False,Member
-1.2361106668875261,-1.2173769853787937,-1.0678236786168644,-1.0682518905625351,False,False,False,True,True,False,False,False,Member
-0.9433703606086266,-1.2173769853787937,-1.0142642415401186,-1.013990282066042,False,False,True,False,False,False,False,True,Member
-0.6748807305895173,1.105544889406965,0.07681800519473016,0.07664802597970476,True,True,False,True,False,False,False,True,Normal
-0.46874998238129784,-0.22183903904203991,-0.40368665886521726,-0.40339701597727656,True,True,False,True,False,True,False,False,Normal
0.44757914200650034,-1.3832999764349192,-0.8994940192328065,-0.8996604722819184,False,False,True,True,False,False,True,False,Member
0.39907778948691947,0.7736989072947138,0.9245873806380771,0.924210346148173,False,False,True,True,False,False,True,False,Member
0.05263955720419796,0.9396218983508394,0.7225917893772075,0.7221809624841086,True,True,False,True,True,False,False,False,Member
-0.9381737871243856,0.6077759162385882,-0.37461153588069823,-0.3743640520215885,True,True,False,False,False,False,False,False,Member
0.780159844997913,0.7736989072947138,1.2780796653445987,1.2777117107258793,False,False,True,False,False,False,False,False,Member
-1.674355030725169,0.11000694307021133,-1.0494604430476944,-1.0493304071569314,False,False,True,False,True,False,False,False,Normal
-0.006254942283864667,-0.05591604798591429,-0.03030086895876135,-0.030273372312277686,False,False,True,False,False,True,False,False,Member
0.024924498621580218,0.27592993412633693,0.22372388974809002,0.22421557380965063,False,False,True,True,False,True,False,False,Normal
-1.1546976823010866,-1.3832999764349192,-1.0984290712321476,-1.0978855365310993,False,False,True,False,True,False,False,False,Normal
1.6098794113150308,-1.3832999764349192,-0.7556486739409749,-0.7558972438668558,False,False,False,True,True,False,False,False,Member
0.8477153002930438,-0.38776203009816557,0.16098283488675927,0.16084362145120046,True,True,False,False,False,True,False,False,Member
0.8858235058441429,-0.38776203009816557,0.17934607045592912,0.17966499118799134,False,False,True,True,True,False,False,False,Member
-1.6553009279496191,-0.38776203009816557,-1.0770052964014494,-1.077462348093305,False,False,True,True,False,False,False,True,Normal
-0.14829461751978054,1.603313862575342,0.9506019643610679,0.9509406957211686,True,True,False,False,False,False,True,False,Normal
-0.7840087737585746,-1.3832999764349192,-1.0525209823092228,-1.0520334762148746,True,True,False,False,True,False,False,False,Normal
0.9810940197218915,1.4373908715192163,2.1717571297108704,2.171126091210572,False,False,False,False,False,False,False,True,Normal
1.071167960115399,1.4373908715192163,2.277345734233598,2.2769462391456146,False,False,False,True,False,False,False,True,Normal
0.0561039395270251,-0.8855310032665424,-0.5888492841876811,-0.5894082126313062,False,False,False,True,True,False,False,False,Member
1.4245349570437749,-1.549222967491045,-0.9836588489248355,-0.9830551584029121,True,True,False,False,True,False,False,False,Normal
-1.0663559330689927,0.6077759162385882,-0.484790949295718,-0.4852899970660797,False,False,True,False,True,False,False,False,Normal
0.8200002417104261,0.44185292518246255,0.9812073569763511,0.9810749100337968,True,True,False,True,False,True,False,False,Member
1.5631102499568634,-0.05591604798591429,0.9398900769457187,0.9402285331582078,False,False,False,True,False,False,True,False,Member
1.658380763834612,1.4373908715192163,2.967497337708236,2.966929644602865,False,False,False,False,False,False,False,False,Member
1.5804321615709997,1.603313862575342,3.088388638538605,3.089068320554381,False,False,False,True,True,False,False,False,Normal
0.8044105212577036,1.603313862575342,2.1289095800494744,2.129278577646856,False,False,False,True,False,False,False,True,Member
0.546314038207076,-1.051453994322668,-0.5873190145569169,-0.5877062802614899,False,False,False,True,False,False,False,True,Member
-0.25049389604318334,-1.3832999764349192,-0.9867193881863636,-0.9860585684672937,False,False,True,True,False,True,False,False,Member
1.4470534421421521,0.6077759162385882,1.691252465650923,1.6907807082471529,False,False,False,True,False,False,False,False,Member
0.32805795186896153,1.4373908715192163,1.4035617750672602,1.403754819761091,False,False,True,True,False,False,False,True,Member
0.08555118927105641,-0.05591604798591429,0.02631910737951273,0.026491077904533276,False,False,False,False,False,True,False,False,Member
-0.35615755688941364,0.27592993412633693,-0.05784572231251626,-0.05850542691746415,False,False,True,True,False,True,False,False,Normal
-0.10152545616161321,-1.3832999764349192,-0.9668258829864297,-0.967537539736941,False,False,True,True,False,False,True,False,Member
-0.06341725061051373,-0.38776203009816557,-0.29044670618866913,-0.2899682292124674,True,True,False,True,False,False,False,True,Member
-0.7077923626563758,-1.549222967491045,-1.1152620371705535,-1.1149048602292615,False,False,True,False,True,False,False,False,Normal
-1.674355030725169,0.9396218983508394,-0.9867193881863636,-0.98665925048017,False,False,False,True,False,False,True,False,Member
-1.3972044448989918,0.6077759162385882,-0.7724816398793808,-0.7718153172080777,True,True,False,False,False,False,False,True,Normal
0.34537986348309757,-1.3832999764349192,-0.9117361762789198,-0.9122747945523206,False,False,False,True,False,False,False,True,Normal
0.5844222437581755,0.11000694307021133,0.48693026623952607,0.48721418178066017,False,False,True,False,True,False,False,False,Normal
-0.6177184222628683,1.603313862575342,0.3706297743014496,0.37038153027621873,False,False,False,True,True,False,False,False,Normal
1.6341300875748215,-1.3832999764349192,-0.7525881346794467,-0.7528938338024742,False,False,True,False,False,False,False,True,Normal
-0.3838726154720314,0.11000694307021133,-0.1710856749890644,-0.17143364533820973,False,False,True,True,True,False,False,False,Normal
1.4383924863350839,-0.38776203009816557,0.4532643343627146,0.4530754207155234,False,False,True,True,False,False,True,False,Normal
-0.11711517661433564,-0.05591604798591429,-0.09916300234314862,-0.09885123544898941,True,True,False,False,False,False,False,True,Normal
-0.711256744979203,1.603313862575342,0.2543292823633732,0.254650129128717,False,False,False,True,False,False,False,False,Normal
0.5792256702739345,0.11000694307021133,0.4838697269779978,0.4837102033722151,True,True,False,False,False,False,False,False,Normal
0.9984159313360278,0.9396218983508394,1.6575865337741116,1.657943424876581,False,False,True,True,False,False,False,True,Member
0.43718599503801864,1.603313862575342,1.6744194997125172,1.6750628622435555,False,False,False,False,False,True,False,False,Normal
0.5549749940141439,0.7736989072947138,1.0684327259299085,1.0687744839137374,False,False,False,True,True,False,False,False,Member
0.52899212659294,-0.38776203009816557,0.0033650629180503556,0.0031645930711700653,True,True,False,True,False,True,False,False,Normal
1.1647062828317336,-0.05591604798591429,0.6935166663926882,0.6938487942101094,False,False,True,False,False,False,False,False,Member
-1.2205209464348037,0.44185292518246255,-0.6592416872028326,-0.6593876671313958,False,False,False,False,False,True,False,False,Normal
-1.010925815903757,-0.05591604798591429,-0.6515903390490119,-0.6515788009640038,True,True,False,True,False,False,False,False,Normal
-1.4024010183832325,-1.3832999764349192,-1.129034463847431,-1.128520319187791,False,False,False,False,True,False,False,False,Member
0.5255277442701126,-0.38776203009816557,0.0018347932872860883,0.001462660701353847,False,False,True,False,False,False,False,True,Normal
1.5198054709215234,-1.3832999764349192,-0.7663605613563241,-0.7670098611050674,False,False,False,True,False,False,False,False,Normal
-0.02184466273658711,-0.05591604798591429,-0.03948248674334627,-0.03988428451829867,True,True,False,True,False,True,False,False,Normal
1.3396575901345082,-1.2173769853787937,-0.5903795538184453,-0.5904093493194333,False,False,False,False,False,True,False,False,Member
1.4314637216894297,-1.3832999764349192,-0.7786027184024374,-0.7780223646744663,True,True,False,True,False,False,True,False,Member
-0.1396336617127127,0.27592993412633693,0.10283258891772093,0.10217701152694775,False,False,True,False,False,False,False,True,Member
-0.8983333904118725,-0.22183903904203991,-0.6424087212644268,-0.6424684571020466,True,True,False,False,True,False,False,False,Member
1.2478514585795868,-0.22183903904203991,0.5527318603623851,0.5520878391713011,True,True,False,False,False,False,False,True,Normal
-0.6818094952351716,-1.549222967491045,-1.1137317675397893,-1.1133030415282579,False,False,True,True,False,False,False,False,Member
1.376033604524194,1.105544889406965,2.232967914941437,2.2327961111992063,True,True,False,True,False,False,False,False,Member
0.8165358593875989,-1.2173769853787937,-0.6867865405565877,-0.6874194943989568,True,True,False,True,False,False,True,False,Normal
0.7645701245451906,1.105544889406965,1.590254670020488,1.5899662437527455,False,False,True,True,True,False,False,False,Normal
-0.03743438318930986,1.2714678804630908,0.8603160561459823,0.8605380527832844,False,False,False,True,False,False,False,False,Member
-1.1425723441711912,1.603313862575342,-0.27820454914255577,-0.2787554983054431,True,True,False,True,False,True,False,False,Member
1.0140056517887504,-1.051453994322668,-0.47254879224960467,-0.4720749927828009,False,False,True,False,False,False,False,False,Normal
-0.3371034541138637,-0.22183903904203991,-0.33023371658853745,-0.3301138104063673,False,False,True,True,False,False,True,False,Normal
1.282495281807859,1.2714678804630908,2.3293749016795795,2.32980625627873,False,False,True,True,False,False,False,False,Normal
-0.7978663030498834,1.2714678804630908,0.01407695033339941,0.014076982971756188,True,True,False,False,False,False,False,False,Member
-1.700337898146373,-1.3832999764349192,-1.165760934985771,-1.165362149310871,False,False,False,True,False,True,False,False,Normal
-1.0975353739744376,-0.7196080122104168,-0.8979637496020423,-0.8979585399121022,False,False,True,False,False,False,True,False,Member
-0.6107896576172138,0.7736989072947138,-0.011937633389591366,-0.01255325293242669,True,True,False,True,False,False,False,True,Normal
1.0503816661784355,-0.22183903904203991,0.4425524469473654,0.4421630308149372,True,True,False,True,True,False,False,False,Normal
-0.8532964202151189,0.44185292518246255,-0.36389964846534906,-0.36415245780269134,False,False,True,False,False,False,False,False,Member
0.7160687720256097,-0.22183903904203991,0.25585955199413735,0.2560517204920949,False,False,False,False,False,True,False,False,Member
-0.13790147055129912,-0.22183903904203991,-0.21852403354275343,-0.21918786536187607,False,False,True,True,False,False,False,False,Member
1.7415259395824654,-1.2173769853787937,-0.5153963419110013,-0.5158246660539586,False,False,False,True,False,False,False,False,Member
-0.25222608720459694,0.7736989072947138,0.3201308764862322,0.3200243548634217,False,False,False,False,True,False,False,False,Member
-1.0507662126162702,0.11000694307021133,-0.625575755326021,-0.6251487923974464,False,False,True,True,False,False,True,False,Normal
-0.6627553924596221,1.4373908715192163,0.2390265860557316,0.23953296513799643,False,False,True,False,False,False,True,False,Normal
0.3142004225776527,1.2714678804630908,1.2520650816216081,1.2519824978410106,False,False,False,True,False,False,False,True,Member
-0.9381737871243856,0.9396218983508394,-0.25831104394262167,-0.25823219619883586,True,True,False,False,True,False,False,False,Member
1.1733672386388019,-0.5536850211542912,0.13343798153300437,0.1333123625277031,False,False,False,False,False,False,False,True,Normal
-1.073284697714647,-0.22183903904203991,-0.7403459776333333,-0.7398790568568208,False,False,True,True,False,False,False,False,Normal
-1.586013281493075,-1.051453994322668,-1.1152620371705535,-1.1152052012356997,True,True,False,False,False,False,True,False,Member
-1.3227202249582064,0.27592993412633693,-0.7755421791409092,-0.7758198639605864,False,False,True,False,False,True,False,False,Normal
-1.3002017398598296,0.11000694307021133,-0.7954356843408432,-0.7948414610350029,False,False,False,True,False,False,True,False,Normal
0.7056756250571279,-1.051453994322668,-0.5490622737878129,-0.5483616084180919,False,False,True,False,False,True,False,False,Member
-0.6922026422036534,-0.7196080122104168,-0.7479973257871542,-0.7475878093554001,False,False,True,True,False,True,False,False,Member
1.6514519991889578,-0.05591604798591429,0.9949797836532285,0.9948905963299518,False,False,True,False,True,False,False,False,Member
-1.6882125600164777,-0.05591604798591429,-1.0708842178783928,-1.0704543912764148,False,False,True,True,False,False,False,False,Normal
-1.395472253737578,-0.8855310032665424,-1.0387485556323455,-1.0383179035875323,False,False,False,False,True,False,False,False,Member
0.8113392859033579,-1.051453994322668,-0.521517420434058,-0.5221318271891597,False,False,False,False,False,False,False,False,Member
0.40600655413257375,0.9396218983508394,1.0714932651914366,1.0717778939781188,True,True,False,False,False,True,False,False,Member
-0.8082594500183651,1.4373908715192163,0.06916665704090949,0.06863893247468737,False,False,True,True,False,False,True,False,Normal
0.20334018824718167,1.105544889406965,0.9995705925455209,0.9998962797705876,False,False,False,True,False,True,False,False,Normal
1.111008356827912,0.6077759162385882,1.400501235805732,1.399850386677395,False,False,False,True,True,False,False,False,Normal
1.111008356827912,0.11000694307021133,0.8450133598383404,0.8454208887925642,False,False,True,False,False,False,False,False,Member
1.687828013578643,1.4373908715192163,3.001163269585047,3.001468860343253,False,False,True,False,False,False,False,False,Member
-1.0265155363564795,-1.549222967491045,-1.1351555423704878,-1.1346272529853667,True,True,False,False,False,False,False,False,Normal
1.2495836497410007,-1.3832999764349192,-0.8000264932331358,-0.8004478264885151,True,True,False,False,False,True,False,False,Member
-1.0698203153918198,1.2714678804630908,-0.288916436557905,-0.2886667515179021,True,True,False,True,False,True,False,False,Member
-1.0299799186793068,0.6077759162385882,-0.4541855566804347,-0.45385430505888635,False,False,False,True,True,False,False,False,Member
-0.19506377887794785,0.44185292518246255,0.16557364377905168,0.1650483955413345,True,True,False,False,False,False,True,False,Member
-1.28114763708428,-0.7196080122104168,-0.9668258829864297,-0.9661359483735629,False,False,False,False,True,False,False,False,Normal
0.6485133167304789,-0.5536850211542912,-0.09457219345085623,-0.09394566567716614,False,False,True,False,False,True,False,False,Member
1.0140056517887504,-0.5536850211542912,0.06457584814861683,0.06433404471574058,False,False,True,True,False,False,True,False,Member
-0.19333158771653428,0.9396218983508394,0.4792789180857054,0.4788046336003918,False,False,False,True,False,False,False,False,Member
0.8875556970055568,-1.3832999764349192,-0.8459345821560607,-0.8452987501166126,True,True,False,True,True,False,False,False,Normal
0.10114090972377886,1.603313862575342,1.2597164297754289,1.2594910230019645,False,False,True,True,False,False,False,True,Member
-1.0091936247423436,0.27592993412633693,-0.5429411952647563,-0.5431556976398305,False,False,True,True,False,False,False,False,Normal
-1.483814002969672,-0.22183903904203991,-0.9683561526171939,-0.9683384490874427,False,False,False,True,False,True,False,False,Member
0.38695245135702416,1.4373908715192163,1.4724239084516475,1.4729333649106786,False,False,True,False,False,False,True,False,Member
-0.8671539495064277,0.6077759162385882,-0.3134007506501316,-0.31289425937057985,False,False,True,False,False,False,False,False,Normal
1.5977540731851356,0.6077759162385882,1.8213253842658772,1.8212288187101238,False,False,False,True,False,True,False,False,Normal
1.5683068234411046,-0.05591604798591429,0.942950616207247,0.9434321705602147,False,False,False,True,False,True,False,False,Normal
-0.9139231108645952,1.4373908715192163,-0.05631545268175212,-0.05560213052189528,False,False,False,True,False,False,True,False,Normal
1.1040795921822577,-1.549222967491045,-1.0035523541247695,-1.0028776648278304,True,True,False,True,False,False,False,True,Normal
0.09421214507812457,0.11000694307021133,0.15333148673293834,0.15373555096549743,False,False,False,True,False,False,False,True,Member
-0.953763507577108,1.603313862575342,-0.04560356526640293,-0.04529042263418534,False,False,False,True,False,False,False,True,Member
1.3777657956856075,1.603313862575342,2.8389546887240455,2.8384838075161487,False,False,True,False,False,False,False,False,Normal
1.4210705747209476,-1.549222967491045,-0.9836588489248355,-0.9832553857405376,False,False,True,True,True,False,False,False,Normal
1.5561814853112093,0.11000694307021133,1.1480067467296449,1.1482647369510353,False,False,True,False,False,True,False,False,Normal
-0.26435142533449224,-1.3832999764349192,-0.9882496578171279,-0.9877605008371099,False,False,False,False,False,True,False,False,Member
1.7449903219052925,1.4373908715192163,3.0684951333386703,3.068645132116587,False,False,False,True,False,False,False,True,Member
0.7316584924783321,-1.051453994322668,-0.5414109256339921,-0.5418542199452653,False,False,True,False,True,False,False,False,Member
1.1733672386388019,0.11000694307021133,0.8878609094997372,0.8878690843691566,True,True,False,True,True,False,False,False,Normal
1.7190074544840885,-0.38776203009816557,0.5925188707622535,0.5919330793587629,True,True,False,True,False,False,True,False,Normal
0.18775046779445922,1.2714678804630908,1.111280275591305,1.1112226794903297,False,False,False,False,False,False,False,True,Member
0.5774934791125209,1.2714678804630908,1.5443465810975636,1.5450152064558358,True,True,False,True,False,False,True,False,Normal
-0.7407039947232344,-0.05591604798591429,-0.484790949295718,-0.48448908771557797,True,True,False,True,False,False,False,True,Normal
-0.20892130816925672,0.27592993412633693,0.05080342147173938,0.05071858575721098,False,False,False,True,False,False,False,False,Member
1.2391905027725187,-1.051453994322668,-0.4159288159113306,-0.4163116792541172,False,False,True,True,False,True,False,False,Member
-0.9485669340928672,0.27592993412633693,-0.4985633759725955,-0.4982046603429204,True,True,False,False,True,False,False,False,Normal
0.12019501249932844,-0.8855310032665424,-0.568955778987747,-0.569585706206388,False,False,True,False,True,False,False,False,Member
0.6900859046044054,0.7736989072947138,1.19391483565257,1.1941167972672602,True,True,False,False,True,False,False,False,Normal
0.6918180957658191,1.603313862575342,1.9896550436499354,1.9900204643283659,False,False,True,False,True,False,False,False,Member
-0.9953360954510347,-1.2173769853787937,-1.0234458593247036,-1.0236011942720629,True,True,False,True,False,False,False,True,Member
1.1231336949578072,0.7736989072947138,1.5963757485435452,1.5958729502126963,False,False,True,True,False,True,False,False,Normal
0.6017441553723115,-1.549222967491045,-1.034157746740053,-1.0339129021597728,True,True,False,False,True,False,False,False,Member
-1.6674262660795143,-0.05591604798591429,-1.0571117912015153,-1.0575397279995742,True,True,False,True,True,False,False,False,Member
0.17562512966456392,-0.05591604798591429,0.08293908371778695,0.08225439143321697,False,False,False,True,False,False,True,False,Member
-1.0802134623603015,-1.2173769853787937,-1.0387485556323455,-1.0393190402756596,False,False,True,True,True,False,False,False,Member
-0.7025957891721349,-1.051453994322668,-0.896433479971278,-0.8966570622175368,True,True,False,False,False,True,False,False,Member
0.7437838306082274,1.105544889406965,1.5673006255590258,1.5680413502827604,True,True,False,False,True,False,False,False,Member
-1.333113371926688,-0.38776203009816557,-0.9178572548019764,-0.9180813873434585,False,False,True,False,False,False,False,True,Normal
-1.1200538590728144,0.7736989072947138,-0.484790949295718,-0.48498965605964156,False,False,False,False,False,False,False,True,Normal
1.362176075232885,0.6077759162385882,1.617799523374243,1.6172972753386177,False,False,True,False,True,False,False,False,Member
1.4349281040122568,0.9396218983508394,2.089122569649606,2.089833792134645,False,False,False,False,False,False,False,False,Member
0.19987580592435453,-1.2173769853787937,-0.8015567628639,-0.801849417851893,True,True,False,False,False,False,False,False,Member
-0.19333158771653428,0.7736989072947138,0.3752205831937423,0.37468641803516534,False,False,True,True,True,False,False,False,Member
-0.8862080522819774,-0.8855310032665424,-0.8811307836636364,-0.8808391025451274,False,False,False,True,False,True,False,False,Normal
0.6987468604114734,-1.2173769853787937,-0.70974058501805,-0.709344387868942,False,False,False,True,False,True,False,False,Member
-0.203724734685016,0.11000694307021133,-0.0486641045279312,-0.048894514711443175,True,True,False,False,True,False,False,False,Member
-1.258629151985903,0.44185292518246255,-0.689847079818116,-0.6900224497880875,False,False,True,True,False,False,False,True,Member
-0.9243162578330768,-0.05591604798591429,-0.598030901972266,-0.5980179881491998,False,False,True,False,False,False,False,True,Member
-1.4526345620642271,-1.2173769853787937,-1.109140958647497,-1.1084975854252475,True,True,False,True,False,True,False,False,Normal
-0.21931445513773845,-1.051453994322668,-0.7770724487716734,-0.7771213416551518,False,False,False,False,False,False,False,False,Member
-1.4249195034816093,-1.051453994322668,-1.0754750267706852,-1.0753599610482378,True,True,False,True,False,True,False,False,Member
-0.3215137336611413,-0.7196080122104168,-0.6102730590183795,-0.610031628406726,False,False,True,False,True,False,False,False,Normal
1.4990191769845598,0.7736989072947138,1.9437469547270103,1.9444687450185791,False,False,True,False,False,False,False,True,Member
-0.6991314068493079,1.2714678804630908,0.12425636374841931,0.12400179132812028,False,False,False,True,False,False,True,False,Member
-0.17254529377957115,0.9396218983508394,0.4991724232856394,0.49932793570699907,True,True,False,True,True,False,False,False,Member
0.09594433623953814,-0.7196080122104168,-0.45571582631119883,-0.45515578275345164,False,False,False,False,True,False,False,False,Normal
-0.43930273263726655,0.44185292518246255,-0.03183113858952548,-0.031374622669217575,False,False,True,False,False,False,True,False,Normal
0.011066969330271346,-0.38776203009816557,-0.25372023505032926,-0.2531263990893874,False,False,True,False,False,True,False,False,Member
-1.3573640481864786,1.603313862575342,-0.5444714648955203,-0.5444571753343959,True,True,False,False,True,False,False,False,Member
0.9810940197218915,-0.05591604798591429,0.5802767137161402,0.5803198937764877,False,False,False,False,False,True,False,False,Member
1.5977540731851356,-0.8855310032665424,-0.1129354290200262,-0.11276703541395718,False,False,True,False,False,False,True,False,Normal
-0.01838028041375997,-0.5536850211542912,-0.382262884034519,-0.3825733728642313,False,False,True,False,False,True,False,False,Normal
-0.4115876740546488,1.2714678804630908,0.44408271657812953,0.4440651905223788,True,True,False,False,False,False,False,True,Normal
-0.7060601714949623,1.603313862575342,0.26045036088643,0.2610574039327308,False,False,True,False,True,False,False,False,Member
-0.3682828950193086,-0.5536850211542912,-0.5337595774801713,-0.5340453537778733,True,True,False,True,False,False,True,False,Normal
-0.6800773040737581,1.2714678804630908,0.14568013857911769,0.14522588911641648,True,True,False,False,False,False,False,False,Member
0.925663902556656,0.7736989072947138,1.4127433928518451,1.4126649362854227,False,False,False,False,False,False,False,True,Member
0.2882175551564485,1.105544889406965,1.089856500760607,1.0891976723515318,False,False,False,False,False,False,False,True,Member
1.1629740916703204,0.9396218983508394,1.8213253842658772,1.8208283640348726,False,False,True,True,True,False,False,False,Normal
1.1699028563159746,-1.549222967491045,-0.998961545232477,-0.998773004406509,False,False,True,True,False,True,False,False,Normal
-0.7164533184634438,1.4373908715192163,0.17628553119440085,0.17646135378598446,True,True,False,False,False,False,False,False,Member
1.3015493845834092,-1.3832999764349192,-0.793905414710079,-0.794040551684501,False,False,True,False,True,False,False,False,Member
-0.6488978631683132,0.9396218983508394,0.027849377010277,0.027992782936723956,False,False,True,False,False,False,False,True,Normal
1.5804321615709997,-0.22183903904203991,0.7363642160540849,0.7370978991372037,False,False,False,True,False,True,False,False,Member
-1.3556318570250652,0.9396218983508394,-0.6714838442489459,-0.6713011937201092,True,True,False,True,False,False,False,True,Normal
-1.0455696391320293,0.44185292518246255,-0.5184568811725295,-0.5187279624495275,False,False,True,True,True,False,False,False,Member
-0.8619573760221868,1.105544889406965,-0.120586777173847,-0.12007533323728546,True,True,False,False,False,False,True,False,Normal
1.1629740916703204,1.4373908715192163,2.3844646083870895,2.384768660456912,True,True,False,False,False,False,True,False,Member
0.6294592139549293,-0.8855310032665424,-0.41286827664980236,-0.4122070188327958,False,False,True,True,False,False,False,True,Member
-0.5068581879323973,0.6077759162385882,-0.0012257459742421744,-0.0009400673501514692,False,False,False,False,False,False,True,False,Member
-0.9918717131282074,1.4373908715192163,-0.14660136089683778,-0.14710602381671928,False,False,False,True,False,False,False,True,Member
1.1750994298002158,0.9396218983508394,1.8320372716812263,1.832741890623586,False,False,False,True,True,False,False,False,Member
0.33845109883744295,-1.2173769853787937,-0.7755421791409092,-0.7761202049670246,False,False,True,True,False,False,False,False,Member
-0.2158500728149113,-1.549222967491045,-1.0846566445552703,-1.0844703049101951,False,False,True,True,False,False,True,False,Normal
-1.43011607696585,0.6077759162385882,-0.8000264932331358,-0.8002475991508896,False,False,True,False,True,False,False,False,Normal
0.7351228748011592,0.27592993412633693,0.7516669123617264,0.7513140401086095,False,False,True,True,False,True,False,False,Normal
-0.07554258874040903,-1.549222967491045,-1.0754750267706852,-1.0757604157234888,False,False,True,True,False,True,False,False,Member
-1.6916769423393048,-1.051453994322668,-1.1412766208935443,-1.141334868795819,False,False,False,True,False,True,False,False,Normal
-1.38681129793051,-0.7196080122104168,-1.0050826237555337,-1.0052803928793355,False,False,True,True,False,False,True,False,Normal
-1.0750168888760607,-0.8855310032665424,-0.9392810296326747,-0.9392053714629419,False,False,False,True,True,False,False,False,Member
0.3367189076760294,-1.3832999764349192,-0.9132664459096839,-0.9133760449092607,False,False,True,False,False,True,False,False,Normal
0.12539158598356948,0.9396218983508394,0.7945144620231229,0.7941626903604526,False,False,False,True,False,True,False,False,Member
1.258244605548069,-0.38776203009816557,0.3645086957783931,0.36397425547220463,True,True,False,False,False,True,False,False,Normal
-0.5605561139362193,-1.549222967491045,-1.1060804193859686,-1.1057945163673042,False,False,True,True,False,False,False,False,Member
1.5613780587954502,0.7736989072947138,2.0018972006960483,2.00233444559233,False,False,False,True,False,False,False,False,Member
-0.011451515768105686,0.9396218983508394,0.6583204648851125,0.6587088964568455,True,True,False,True,True,False,False,False,Normal
-1.2517003873402486,-0.05591604798591429,-0.8000264932331358,-0.8004478264885151,True,True,False,True,False,True,False,False,Normal
-0.7043279803335487,0.44185292518246255,-0.24453861726574422,-0.24441650990268088,False,False,True,False,False,False,False,True,Normal
-0.10672202964585391,-0.7196080122104168,-0.5306990382186428,-0.5303411480318027,False,False,False,False,False,False,True,False,Normal
0.2830209816722078,0.7736989072947138,0.8159382368538214,0.8164880385056885,True,True,False,False,False,False,True,False,Normal
0.814803668226185,0.9396218983508394,1.4754844477131759,1.4762371159814986,False,False,False,True,False,True,False,False,Normal
1.292888428776341,-0.22183903904203991,0.5772161744546117,0.5771162563744806,False,False,True,False,False,False,False,False,Member
-0.3509609834051726,-1.2173769853787937,-0.9040848281250989,-0.9040654737096779,False,False,False,True,False,False,False,False,Normal
0.4666332447820499,1.105544889406965,1.276549395713835,1.2767105740377522,False,False,True,True,True,False,False,False,Member
-0.21238569049208417,1.4373908715192163,0.7684998783001322,0.7687338184820224,False,False,True,False,False,False,True,False,Normal
-0.11538298545292207,1.2714678804630908,0.7730906871924249,0.7737395019226583,True,True,False,False,False,False,False,False,Member
0.780159844997913,-0.38776203009816557,0.12731690300994758,0.12740565606775273,False,False,False,False,False,False,True,False,Member
1.5007513681459737,0.44185292518246255,1.5290438847899217,1.5283963374329244,True,True,False,False,False,True,False,False,Member
1.7276684102911561,-0.8855310032665424,-0.07314841862015783,-0.07262145422005732,False,False,True,True,True,False,False,False,Member
1.6306657052519944,-1.051453994322668,-0.3195218291731883,-0.31950176151221915,False,False,False,False,True,False,False,False,Normal
-1.1200538590728144,-1.051453994322668,-1.0004918148632413,-0.9999743684322614,True,True,False,True,False,False,False,False,Normal
1.2322617381268643,0.27592993412633693,1.12046189337589,1.1202329096834742,True,True,False,True,False,False,False,False,Normal
-1.3019339310212432,-0.5536850211542912,-0.9377507600019105,-0.9382042347748146,False,False,True,True,False,True,False,False,Member
1.2651733701937231,1.4373908715192163,2.505355909217458,2.504905063032173,False,False,False,False,True,False,False,False,Member
-0.7303108477547527,-0.38776203009816557,-0.6194546768029644,-0.6198427679503723,False,False,False,True,False,False,False,True,Member
0.7108721985413686,-0.05591604798591429,0.41347732396284637,0.4132301805280619,True,True,False,False,False,False,False,False,Member
1.5908253085394812,1.4373908715192163,2.887923316908499,2.8875395052343804,True,True,False,True,False,False,False,False,Member
1.180296003284456,-0.8855310032665424,-0.24147807800421595,-0.24181355451355016,False,False,True,True,False,False,False,False,Normal
0.14444568875911906,0.11000694307021133,0.1885276882405142,0.18797442569944706,False,False,True,False,False,True,False,False,Normal
1.0850254894067082,-1.549222967491045,-1.0035523541247695,-1.0039789151847702,True,True,False,True,False,True,False,False,Member
-1.4630277090327086,-0.05591604798591429,-0.9316296814788538,-0.9311962779579245,True,True,False,False,False,True,False,False,Member
-1.5063324880680489,0.44185292518246255,-0.8887821318174572,-0.889148537056583,True,True,False,False,False,False,False,True,Member
-0.7666868621444385,-0.5536850211542912,-0.7066800457565217,-0.706541205142186,True,True,False,True,False,False,True,False,Member
-0.848099846730878,0.44185292518246255,-0.35930883957305654,-0.3599476837125572,True,True,False,True,False,False,True,False,Normal
1.1248658861192207,1.105544889406965,1.968231268819237,1.968696252871257,True,True,False,True,False,True,False,False,Member
0.9031454174582793,1.2714678804630908,1.9070204835886702,1.9075268012266864,False,False,False,False,False,False,False,True,Normal
1.221868591158383,-1.549222967491045,-0.9959010059709488,-0.9955693670045019,False,False,False,True,False,False,True,False,Normal
0.6796927576359237,0.27592993412633693,0.7103496323310942,0.7101673222265826,False,False,True,False,False,False,False,False,Member
-1.010925815903757,-0.22183903904203991,-0.7051497761257576,-0.7051396137788077,False,False,True,True,False,False,True,False,Normal
-0.7649546709830248,-0.8855310032665424,-0.8428740428945324,-0.8432964767403583,False,False,True,True,False,False,False,True,Member
-0.7736156267900929,1.105544889406965,-0.02724032969723295,-0.027169848579083413,True,True,False,True,False,False,False,False,Member
-0.7095245538177894,0.9396218983508394,-0.03183113858952548,-0.031975304682093905,True,True,False,True,False,False,False,True,Normal
0.8425187268088028,0.27592993412633693,0.831240933161463,0.8310045204835328,False,False,True,False,False,True,False,False,Normal
1.5752355880867588,-0.38776203009816557,0.5205961981163377,0.5207522608329205,True,True,False,True,True,False,False,False,Member
-1.461295517871295,1.105544889406965,-0.7495275954179185,-0.7500906510757182,True,True,False,True,False,False,True,False,Normal
-1.540976311296321,-0.7196080122104168,-1.0632328697245719,-1.06254541144021,True,True,False,False,False,False,False,True,Normal
-1.130447006041296,-0.7196080122104168,-0.9102059066481555,-0.9101724075072537,True,True,False,True,True,False,False,False,Member
0.8130714770647715,-1.549222967491045,-1.0203853200631754,-1.0207980115453068,False,False,True,False,False,False,False,True,Member
1.2426548850953465,-1.051453994322668,-0.4159288159113306,-0.41551076990361546,False,False,False,False,False,False,True,False,Normal
-0.5276444818693606,-0.05591604798591429,-0.3531877610499998,-0.3527394995580415,True,True,False,True,False,False,True,False,Member
-1.6171927223985199,-1.051453994322668,-1.1229133853243745,-1.1229139537342787,True,True,False,True,False,False,False,False,Member
-1.625853678205588,0.11000694307021133,-1.0157945111708828,-1.0162928964487346,False,False,False,True,False,False,False,True,Normal
-0.35269317456658617,-0.7196080122104168,-0.6209849464337286,-0.6215447003201885,False,False,False,False,True,False,False,False,Normal
-1.5444406936191482,1.4373908715192163,-0.7969659539716074,-0.7964432797360064,False,False,True,False,False,True,False,False,Normal
1.6618451461574393,-0.38776203009816557,0.5634437477777342,0.5636009110847637,True,True,False,False,False,False,False,False,Normal
1.282495281807859,-0.7196080122104168,-0.014998172651119628,-0.014855867315119236,False,False,True,False,False,False,True,False,Normal
-1.5028681057452216,1.2714678804630908,-0.7709513702486165,-0.770714066851138,False,False,False,False,True,False,False,False,Member
-0.3630863215350679,0.9396218983508394,0.31094925870164714,0.31081389733265147,False,False,True,False,False,False,True,False,Member
1.296352811099168,-0.22183903904203991,0.5787464440853758,0.5790184160819222,False,False,True,False,False,True,False,False,Member
-1.2205209464348037,1.4373908715192163,-0.4159288159113306,-0.4158111109100536,True,True,False,True,False,False,False,True,Normal
0.24318058495969472,-1.3832999764349192,-0.9255086029557972,-0.9249892304915359,True,True,False,True,False,False,False,True,Member
-1.572155752201766,-0.8855310032665424,-1.092307992709091,-1.0928798530904635,False,False,True,True,False,False,False,False,Normal
0.47875858291194523,-0.5536850211542912,-0.16802513572753602,-0.167429098585701,True,True,False,True,False,True,False,False,Member
0.19641142360152739,-0.5536850211542912,-0.288916436557905,-0.2895677745372166,False,False,True,False,True,False,False,False,Member
0.45970448013639564,0.7736989072947138,0.9796770873455869,0.9803741143521075,False,False,False,False,False,False,True,False,Normal
-0.17081310261815758,0.27592993412633693,0.07834827482549428,0.07895064036239731,False,False,True,True,False,False,False,True,Normal
0.49261611220325413,-0.5536850211542912,-0.16190405720447937,-0.16142227845693796,False,False,True,True,False,True,False,False,Member
0.6848893311201645,1.2714678804630908,1.6652378819279325,1.6646510406870334,False,False,False,True,False,False,False,False,Normal
-0.18986720539370716,1.105544889406965,0.5863977922391967,0.586526941242876,False,False,False,False,False,True,False,False,Member
-0.6748807305895173,0.6077759162385882,-0.14660136089683778,-0.14640522813503032,False,False,True,True,False,False,False,False,Normal
-1.395472253737578,-1.3832999764349192,-1.1275041942166668,-1.1276192961684766,False,False,False,False,True,False,False,False,Member
1.1681706651545607,-1.549222967491045,-0.998961545232477,-0.9988731180753215,False,False,False,True,False,False,True,False,Member
0.5826900525967617,-1.549222967491045,-1.0356880163708169,-1.0351142661855255,True,True,False,False,False,False,True,False,Normal
-0.4462314972829211,-1.051453994322668,-0.8336924251099472,-0.8332851098590865,True,True,False,True,True,False,False,False,Member
-0.3838726154720314,-1.549222967491045,-1.0953685319706195,-1.094882126466718,False,False,True,True,False,False,False,False,Member
-0.48780408515684776,1.105544889406965,0.27269251793254307,0.27327127152788233,False,False,False,True,False,True,False,False,Member
1.618540367122099,-0.8855310032665424,-0.10681435049696955,-0.10635976060994323,False,False,False,False,True,False,False,False,Member
-0.16734872029533043,-1.051453994322668,-0.76483029172556,-0.7643067920471239,True,True,False,False,False,False,False,True,Member
-0.9468347429314536,0.44185292518246255,-0.4388828603727931,-0.43933782308104224,True,True,False,False,True,False,False,False,Normal
0.09074776275529713,-1.2173769853787937,-0.8214502680638339,-0.8220723789520621,True,True,False,False,True,False,False,False,Normal
-1.686480368855064,-0.8855310032665424,-1.1275041942166668,-1.128219978181353,True,True,False,False,True,False,False,False,Member
-1.6882125600164777,-1.051453994322668,-1.1397463512627801,-1.1404338457765044,False,False,True,False,False,False,False,True,Normal
-1.3452387100565832,1.2714678804630908,-0.5949703627107378,-0.5952148054224438,False,False,False,False,False,False,False,True,Normal
0.9568433434621009,0.9396218983508394,1.616269253743479,1.616796706994554,False,False,False,False,False,False,False,True,Normal
0.8581084472615252,-0.38776203009816557,0.16557364377905168,0.165949418560649,True,True,False,False,False,True,False,False,Member
1.0486494750170223,1.603313862575342,2.431902966940778,2.431421630123638,False,False,True,True,False,False,False,False,Normal
0.45450790665215496,0.7736989072947138,0.9750862784532945,0.9755686582490972,True,True,False,True,True,False,False,False,Normal
-1.130447006041296,0.9396218983508394,-0.44806447815737804,-0.44844816694299955,False,False,False,False,False,False,False,True,Member
1.4383924863350839,-0.8855310032665424,-0.16190405720447937,-0.16202296046981415,True,True,False,True,False,False,True,False,Member
-1.6171927223985199,0.44185292518246255,-0.9775377704017788,-0.9782497022999017,False,False,False,True,False,False,False,False,Normal
1.292888428776341,1.4373908715192163,2.5374915714635056,2.5374420053963065,True,True,False,False,False,True,False,False,Member
-0.9884073308053802,0.6077759162385882,-0.4174590855420947,-0.41781338428630804,True,True,False,True,False,True,False,False,Normal
-1.1408401530097776,0.11000694307021133,-0.6867865405565877,-0.6864183577108295,True,True,False,True,True,False,False,False,Member
1.2790308994850317,-0.8855310032665424,-0.21087268538893264,-0.21127888552567128,True,True,False,True,False,False,True,False,Member
-1.6622296925952735,-0.05591604798591429,-1.054051251939987,-1.0543360905975672,True,True,False,False,False,False,True,False,Normal
-1.0282477275178932,0.27592993412633693,-0.5567136219416337,-0.5572717249424237,True,True,False,False,False,False,False,False,Normal
0.33152233419178867,-1.2173769853787937,-0.7770724487716734,-0.77742168266159,True,True,False,False,False,False,False,False,Member
1.6791670577715756,1.2714678804630908,2.771622824970423,2.7714076494116275,False,False,True,False,False,False,True,False,Member
1.4453212509807383,-1.051453994322668,-0.3654299180961132,-0.36535382182844384,False,False,True,True,False,False,True,False,Member
1.1906891502529382,0.44185292518246255,1.2796099349753631,1.279113302089257,True,True,False,True,False,False,False,False,Member
1.2842274729692729,0.6077759162385882,1.5504676596206202,1.5498206625588458,False,False,False,False,False,False,False,True,Member
-0.23143979326763375,0.27592993412633693,0.03397045553333366,0.033999603065487105,False,False,False,True,True,False,False,False,Normal
-0.751097141691716,-0.8855310032665424,-0.8382832340022399,-0.8389915889814114,False,False,True,False,False,False,True,False,Member
-0.2851377192714557,-1.3832999764349192,-0.9897799274478921,-0.9902633425574279,True,True,False,False,False,False,False,True,Member
-0.2158500728149113,1.603313862575342,0.8679674042998029,0.8674458959313619,True,True,False,True,False,False,True,False,Member
-0.34403221875951834,1.2714678804630908,0.5190659284855736,0.5192505558007297,True,True,False,False,False,False,False,True,Member
-0.6627553924596221,0.27592993412633693,-0.2858558972963767,-0.2860637961287714,False,False,True,True,False,False,False,True,Normal
0.871965976552834,-1.3832999764349192,-0.8474648517868247,-0.8472009098240542,True,True,False,True,False,False,False,True,Normal
-1.0819456535217151,0.44185292518246255,-0.5475320041570487,-0.5479611537428409,False,False,False,True,False,False,True,False,Member
0.7853564184821537,-0.22183903904203991,0.2941162927632414,0.29459548298499116,False,False,True,False,False,False,True,False,Normal
-0.1327048970670581,-0.5536850211542912,-0.43276178184973646,-0.4321296389265266,False,False,True,False,False,False,False,False,Normal
-0.8948690080890455,-0.05591604798591429,-0.5796676664030961,-0.5797973004252852,False,False,False,True,False,False,False,True,Normal
1.3413897812959215,-0.22183903904203991,0.6047610278083668,0.6041469469539145,True,True,False,False,False,False,False,False,Member
1.734597174936811,-0.5536850211542912,0.37675085282450643,0.3762882367361688,False,False,True,False,False,False,False,False,Normal
-1.0923388004901966,0.11000694307021133,-0.653120608679776,-0.6533808470026328,False,False,False,True,False,True,False,False,Member
-0.6835416863965854,-0.38776203009816557,-0.596500632341502,-0.5967165104546346,False,False,True,True,False,False,True,False,Member
-0.6644875836210357,0.9396218983508394,0.012546680702635279,0.012575277939565508,True,True,False,True,True,False,False,False,Member
-0.905262155057527,0.9396218983508394,-0.22617538169657422,-0.22569525383470262,True,True,False,False,False,True,False,False,Member
-0.5536273492905648,0.11000694307021133,-0.28738616692714086,-0.2869648191480859,True,True,False,False,False,True,False,False,Member
1.1369912242491158,-0.22183903904203991,0.48999080550105456,0.4903177055138544,True,True,False,True,True,False,False,False,Member
-1.2257175199190444,0.11000694307021133,-0.7434065168948616,-0.7440838309469551,False,False,False,False,False,True,False,False,Normal
-1.2031990348206674,-1.3832999764349192,-1.1045501497552044,-1.1038923566598626,False,False,False,False,True,False,False,False,Normal
-0.8030628765341242,0.7736989072947138,-0.19097918018899854,-0.19095581075668958,True,True,False,True,True,False,False,False,Normal
-0.08247135338606362,1.2714678804630908,0.8098171583307648,0.810381104708113,False,False,True,True,True,False,False,False,Normal
-1.43011607696585,1.4373908715192163,-0.662302226464361,-0.6620907361893391,True,True,False,False,False,False,False,False,Normal
-1.509796870390876,0.9396218983508394,-0.8245108073253623,-0.8238744249906911,True,True,False,False,False,False,True,False,Normal
1.5786999704095859,-1.3832999764349192,-0.7602394828332675,-0.7598016769505517,False,False,False,False,False,False,False,True,Normal
1.4349281040122568,1.105544889406965,2.2941787001720035,2.294666358525466,False,False,False,False,True,False,False,False,Normal
1.363908266394299,0.11000694307021133,1.017933828114691,1.0175162854816258,False,False,True,False,False,True,False,False,Normal
0.7437838306082274,1.603313862575342,2.05392636814203,2.05429343970613,False,False,True,True,False,False,True,False,Member
1.4903582211774924,1.4373908715192163,2.7700925553396587,2.769505489704186,True,True,False,True,True,False,False,False,Normal
1.5700390146025178,-0.38776203009816557,0.5175356588548095,0.51814930544379,True,True,False,True,False,False,True,False,Member
0.23625182031404013,-0.7196080122104168,-0.40368665886521726,-0.40309667497083856,True,True,False,False,False,False,False,False,Member
0.8927522704897976,-1.2173769853787937,-0.6730141138797102,-0.6733034670963636,False,False,True,True,False,False,False,True,Normal
0.3367189076760294,-0.38776203009816557,-0.09151165418932783,-0.09194339230091177,False,False,True,False,True,False,False,False,Member
-1.6812837953708235,-1.549222967491045,-1.1749425527703559,-1.1750731751857049,False,False,False,True,False,False,False,True,Member
-1.0784812711988878,-0.05591604798591429,-0.6929076190796442,-0.6933262008589072,True,True,False,False,True,False,False,False,Member
1.5873609262166541,-1.3832999764349192,-0.7587092132025034,-0.7587004265936118,False,False,True,False,False,False,False,False,Member
0.4960804945260813,0.6077759162385882,0.8679674042998029,0.8674458959313619,False,False,True,True,False,False,True,False,Member
-0.5640204962590464,1.603313862575342,0.43643136842430863,0.4367568926990505,False,False,False,False,True,False,False,False,Normal
-1.589477663815902,-1.549222967491045,-1.1688214742472993,-1.1693666960633797,True,True,False,False,False,False,False,True,Member
-0.9641566545455899,-0.7196080122104168,-0.848995121417589,-0.8485023875186196,True,True,False,False,True,False,False,False,Normal
0.7281941101555046,0.11000694307021133,0.5848675226084327,0.5850252362106855,False,False,True,True,False,False,False,True,Normal
-1.4249195034816093,0.27592993412633693,-0.8520556606791174,-0.8517060249206266,False,False,True,False,False,False,False,False,Normal
0.08035461578681571,-1.051453994322668,-0.7036195064949934,-0.7030372267337407,False,False,True,False,True,False,False,False,Normal
0.11846282133791487,-1.3832999764349192,-0.9408112992634388,-0.9404067354886944,True,True,False,True,True,False,False,False,Normal
-0.39426576244051276,1.105544889406965,0.37216004393221375,0.37168300797078396,False,False,False,True,False,False,False,True,Member
-1.5115290615522898,-0.7196080122104168,-1.0509907126784588,-1.051532907870811,False,False,True,False,False,False,True,False,Member
0.8044105212577036,0.11000694307021133,0.6368966900544142,0.636884116655673,False,False,False,False,False,False,True,False,Member
-1.3140592691511384,1.603313862575342,-0.4909120278187747,-0.49089636251959196,True,True,False,True,True,False,False,False,Member
-1.6570331191110328,-1.3832999764349192,-1.1596398564627144,-1.1599560111949845,False,False,True,True,False,False,False,True,Member
0.01799573397592563,1.603313862575342,1.15718836451423,1.1566742851313034,True,True,False,True,True,False,False,False,Normal
-0.24356513139752906,-1.549222967491045,-1.0861869141860343,-1.0861722372800113,False,False,True,True,False,True,False,False,Member
0.15830321805042794,0.6077759162385882,0.5756859048238475,0.5750138693294137,False,False,True,True,False,True,False,False,Normal
1.5665746322796907,-0.05591604798591429,0.942950616207247,0.9424310338720876,False,False,False,True,False,True,False,False,Member
0.26743126121948535,-0.05591604798591429,0.1395590600560609,0.13901884165002792,False,False,False,True,True,False,False,False,Member
0.9689686815919962,-0.8855310032665424,-0.30727967212707497,-0.3071877802482548,True,True,False,True,False,False,False,False,Normal
-0.25742266068883796,-1.2173769853787937,-0.887251862186693,-0.8867458090050777,True,True,False,True,False,True,False,False,Member
-0.9780141838368985,0.7736989072947138,-0.3531877610499998,-0.3532400679021051,False,False,True,False,False,True,False,False,Normal
0.2137333352156634,-0.5536850211542912,-0.28279535803484834,-0.28215936304507544,True,True,False,True,False,False,False,False,Member
0.44757914200650034,-0.38776203009816557,-0.03642194748181801,-0.03708110179154256,False,False,False,True,False,False,False,True,Normal
-1.298469548698416,0.44185292518246255,-0.7219827420641634,-0.722058823808157,True,True,False,True,False,False,False,False,Member
-1.4543667532256408,-1.051453994322668,-1.0831263749245061,-1.0826682588715664,True,True,False,False,True,False,False,False,Member
1.443589059819325,-1.3832999764349192,-0.7770724487716734,-0.7765206596422755,False,False,True,True,True,False,False,False,Normal
-0.7562937151759569,1.4373908715192163,0.13037744227147582,0.1297082704504451,False,False,False,False,True,False,False,False,Normal
0.9603077257849281,0.27592993412633693,0.9184663021150203,0.9184037533570353,False,False,True,True,False,False,True,False,Normal
-1.21878875527339,-0.8855310032665424,-0.9836588489248355,-0.9836558404157885,True,True,False,False,True,False,False,False,Normal
1.1716350474773884,-0.38776203009816557,0.3216611461169963,0.32112560522036143,False,False,False,True,True,False,False,False,Normal
-0.9953360954510347,-1.051453994322668,-0.9683561526171939,-0.9690392447691318,False,False,True,False,False,False,False,True,Member
0.9516467699778599,-1.3832999764349192,-0.8367529643714757,-0.8372896566115952,True,True,False,True,False,False,False,False,Member
-1.2880764017299342,0.44185292518246255,-0.7143313939103426,-0.7137493892967016,False,False,False,True,False,True,False,False,Normal
0.4267928480695372,1.105544889406965,1.2352321156832022,1.234863060474036,False,False,False,True,False,True,False,False,Member
0.2691634523808989,-0.5536850211542912,-0.25831104394262167,-0.25813208253002323,True,True,False,True,True,False,False,False,Member
-1.4231873123201955,0.6077759162385882,-0.793905414710079,-0.7942407790221265,False,False,False,False,False,False,False,True,Normal
1.261708987870896,-1.3832999764349192,-0.7984962236023716,-0.7989461214563243,True,True,False,False,True,False,False,False,Normal
-0.6159862311014546,1.2714678804630908,0.21607254159426909,0.21650682131107155,True,True,False,False,False,False,False,False,Member
1.2149398265127287,0.11000694307021133,0.9154057628534921,0.9161011389743429,True,True,False,True,True,False,False,False,Normal
-0.7580259063373704,-0.7196080122104168,-0.7724816398793808,-0.7720155445457032,False,False,True,True,False,False,True,False,Member
-0.36655070385789507,-0.8855310032665424,-0.7204524724333993,-0.7201566641007154,False,False,False,False,False,False,False,True,Member
0.8806269323599022,-0.8855310032665424,-0.33482452548082986,-0.3345188118341268,False,False,False,False,False,False,True,False,Normal
0.8113392859033579,-0.38776203009816557,0.14261959931758916,0.14282316106491116,False,False,True,True,True,False,False,False,Normal
-0.4462314972829211,-0.05591604798591429,-0.30268886323478245,-0.3023823241452445,False,False,False,False,True,False,False,False,Member
0.4077387452939873,1.105544889406965,1.215338610483268,1.2148403267114924,False,False,True,False,False,False,True,False,Member
-1.6674262660795143,1.603313862575342,-0.9285691422173256,-0.9279926405559175,False,False,False,False,False,True,False,False,Member
1.6964889693857113,0.11000694307021133,1.2444137334677874,1.2437731769983678,False,False,True,True,False,True,False,False,Normal
-0.9884073308053802,-0.22183903904203991,-0.6929076190796442,-0.692625405177218,False,False,True,True,False,False,False,True,Normal
-1.5063324880680489,-0.7196080122104168,-1.0494604430476944,-1.0496307481633695,True,True,False,False,False,True,False,False,Member
-0.6904704510422398,-1.051453994322668,-0.8933729407097497,-0.8936536521531553,False,False,True,True,False,False,True,False,Member
0.3038072756091709,1.105544889406965,1.1051591970682484,1.1055162003680046,True,True,False,True,False,False,True,False,Normal
1.72940060145257,-0.7196080122104168,0.1502709474714101,0.15093236823874132,False,False,False,False,False,False,False,True,Member
-0.5761458343889417,1.2714678804630908,0.26045036088643,0.26085717659510527,True,True,False,False,True,False,False,False,Normal
-1.1339113883641232,1.603313862575342,-0.26749266172720676,-0.26804333574248224,False,False,False,True,False,False,False,True,Member
0.03704983675147552,-0.5536850211542912,-0.35930883957305654,-0.35864620601799174,False,False,True,False,False,False,True,False,Normal
1.0850254894067082,-1.051453994322668,-0.4541855566804347,-0.4544549870717627,False,False,False,True,False,True,False,False,Normal
-1.5790845168474203,0.44185292518246255,-0.9469323777864954,-0.9476149196432101,False,False,False,False,False,False,False,False,Normal
1.2201363999969692,0.44185292518246255,1.3025639794368253,1.3027401279290587,False,False,False,False,False,False,False,False,Normal
0.9360570495251375,-1.549222967491045,-1.0127339719093547,-1.0131893727155403,False,False,False,False,False,False,False,True,Member
0.34537986348309757,-0.8855310032665424,-0.5000936456033596,-0.5000067063815492,False,False,False,True,False,False,False,False,Member
1.725936219129743,0.7736989072947138,2.1549241637724648,2.1550077905317244,True,True,False,False,False,False,True,False,Normal
0.5099380238173902,-0.8855310032665424,-0.4495947477881422,-0.4491489626246886,True,True,False,False,False,True,False,False,Normal
1.1231336949578072,0.6077759162385882,1.4096828535903168,1.4102622082339173,False,False,True,False,True,False,False,False,Normal
1.6029506466693766,-0.38776203009816557,0.5343686247932152,0.5344678334602629,True,True,False,True,False,False,True,False,Member
0.5341887000771808,0.11000694307021133,0.4532643343627146,0.4530754207155234,True,True,False,True,True,False,False,False,Member
0.8044105212577036,-1.2173769853787937,-0.689847079818116,-0.6897221087816493,False,False,True,True,False,False,False,False,Member
-0.4289095856687851,-0.38776203009816557,-0.47101852261884053,-0.4707735150882356,False,False,True,False,False,False,True,False,Normal
-0.822116979309674,-1.2173769853787937,-0.9913101970786562,-0.9914647065831805,False,False,False,False,False,False,True,False,Member
1.036524136887127,-1.2173769853787937,-0.6469995301567194,-0.6466732311921806,False,False,False,True,False,False,False,True,Normal
-0.4895362763182613,0.6077759162385882,0.01407695033339941,0.014076982971756188,False,False,False,False,False,True,False,False,Normal
0.20334018824718167,-0.22183903904203991,-0.028770599327997082,-0.029272235624150565,False,False,False,False,True,False,False,False,Member
-0.4583568354128164,-0.38776203009816557,-0.484790949295718,-0.4852899970660797,True,True,False,False,False,False,False,False,Normal
0.9585755346235147,-1.3832999764349192,-0.8367529643714757,-0.8364887472610935,True,True,False,False,False,False,False,True,Member
-0.03916657435072343,1.603313862575342,1.0852656918683141,1.0858939212807122,True,True,False,True,False,False,True,False,Normal
1.7449903219052925,0.6077759162385882,1.9483377636193024,1.9486735191087134,False,False,True,True,True,False,False,False,Member
0.7766954626750858,-0.22183903904203991,0.289525483870949,0.28979002688198086,False,False,True,True,False,False,False,True,Normal
-0.3371034541138637,0.27592993412633693,-0.044073295635638804,-0.04438939961487085,True,True,False,False,False,False,False,False,Member
1.509412323953042,0.7736989072947138,1.9544588421423594,1.9541797708934125,True,True,False,True,False,False,False,True,Normal
0.0561039395270251,-0.05591604798591429,0.00795587181034275,0.008270390180618578,False,False,True,False,False,True,False,False,Normal
0.9689686815919962,-0.8855310032665424,-0.30727967212707497,-0.3071877802482548,False,False,True,True,False,False,False,True,Normal
1.027863181080059,-1.2173769853787937,-0.6485297997874836,-0.6482750498931842,False,False,True,True,False,True,False,False,Normal
-0.6246471869085226,-1.051453994322668,-0.8780702444021081,-0.877435237805495,True,True,False,True,False,False,True,False,Normal
-0.20718911700784315,0.9396218983508394,0.46550649140882794,0.4650890609730495,False,False,False,True,False,False,True,False,Member
0.395613407164092,-0.38776203009816557,-0.062436531204808784,-0.06281031467641095,True,True,False,False,False,False,False,False,Normal
0.4267928480695372,-1.2173769853787937,-0.7602394828332675,-0.7598016769505517,True,True,False,True,False,False,False,False,Member
-0.21411788165349774,0.6077759162385882,0.2527990127326091,0.25254774208364983,False,False,True,True,False,False,False,False,Member
-1.1200538590728144,0.7736989072947138,-0.484790949295718,-0.48498965605964156,False,False,True,True,False,True,False,False,Normal
-0.15522338216543513,-1.549222967491045,-1.0800658356629778,-1.080665985495312,False,False,True,False,False,False,False,True,Normal
-1.1183216679114008,0.11000694307021133,-0.6714838442489459,-0.6711009663824838,False,False,True,False,False,True,False,False,Normal
-0.1136507942915085,-0.22183903904203991,-0.20628187649664012,-0.20577263374097185,True,True,False,True,False,True,False,False,Member
0.3124682314162391,-1.549222967491045,-1.0525209823092228,-1.0518332488772493,True,True,False,False,False,True,False,False,Normal
0.3575052016129929,0.11000694307021133,0.33237303353234554,0.33283890447144954,True,True,False,True,False,False,False,False,Normal
1.1144727391507392,1.4373908715192163,2.3278446320488153,2.3278039829024757,True,True,False,False,False,False,True,False,Member
1.2651733701937231,-0.7196080122104168,-0.02111925117417629,-0.021263142119133178,True,True,False,True,False,False,False,False,Member
1.5648424411182773,-0.5536850211542912,0.30329791054782645,0.30280480382763425,True,True,False,False,True,False,False,False,Member
-0.05822067712627302,-0.5536850211542912,-0.39909584997292474,-0.39979292390001875,True,True,False,False,False,True,False,False,Normal
0.891020079328384,-0.7196080122104168,-0.16037378757371523,-0.16012080076237253,False,False,False,True,True,False,False,False,Normal
-1.3625606216707193,-1.549222967491045,-1.1550490475704218,-1.1553507824295992,True,True,False,False,False,False,False,False,Normal
-1.6137283400756925,-0.38776203009816557,-1.0571117912015153,-1.0569390459866979,False,False,False,False,True,False,False,False,Member
-0.9451025517700401,0.11000694307021133,-0.5536530826801054,-0.553267178189915,False,False,True,False,False,False,False,False,Normal
0.3557730104515793,0.27592993412633693,0.47009730030112035,0.46979440340724715,False,False,False,True,False,False,False,False,Member
-1.0213189628722388,-0.8855310032665424,-0.9224480636942688,-0.9225865024400306,True,True,False,True,False,False,False,True,Normal
1.2721021348393775,1.105544889406965,2.122788501526417,2.1234719848557186,False,False,False,True,False,False,True,False,Member
-0.4999294232867429,-1.549222967491045,-1.101489610493676,-1.1019901969524208,True,True,False,False,False,False,False,True,Normal
0.104605292046606,-0.7196080122104168,-0.45265528704967056,-0.45195214535144473,True,True,False,False,True,False,False,False,Normal
1.6549163815117849,-1.549222967491045,-0.9683561526171939,-0.9687389037626937,False,False,True,True,False,False,False,False,Normal
1.396819898461157,-1.2173769853787937,-0.5796676664030961,-0.5797973004252852,True,True,False,False,False,False,True,False,Member
0.6207982581478612,-0.05591604798591429,0.35685734762457216,0.3574668669993779,False,False,False,True,False,False,False,True,Normal
-0.20545692584642958,0.11000694307021133,-0.050194374158695466,-0.05009587873719583,False,False,True,False,False,False,False,False,Member
0.2258586733455587,1.105544889406965,1.0240549066377476,1.0236232192792019,False,False,False,True,False,False,False,False,Normal
-0.023576853898000988,0.11000694307021133,0.07375746593320189,0.07364461591532326,False,False,False,True,False,True,False,False,Member
0.1427134975977055,0.27592993412633693,0.31094925870164714,0.3116148066831534,False,False,True,True,False,True,False,False,Normal
0.3003428932863438,0.9396218983508394,0.9674349302994736,0.9672592237376415,False,False,False,False,False,True,False,False,Normal
-1.6154605312371062,-1.3832999764349192,-1.1550490475704218,-1.1548502140855357,True,True,False,False,False,False,False,True,Normal
-0.44276711496009397,-0.22183903904203991,-0.3883839625575757,-0.3888805339994326,False,False,True,True,False,True,False,False,Normal
-0.12750832358281738,1.603313862575342,0.9766165480840586,0.9766699086060369,False,False,True,True,False,False,True,False,Member
-0.8325101262781556,-0.8855310032665424,-0.8642978177252307,-0.8642202335222163,True,True,False,True,False,False,True,False,Normal
1.613343793637858,-0.7196080122104168,0.1074233978100136,0.10788349064927287,False,False,True,False,False,False,True,False,Member
-1.6345146340126557,-0.05591604798591429,-1.037218286001581,-1.0372166532305924,False,False,True,True,False,False,False,False,Normal
0.5549749940141439,0.11000694307021133,0.4670367610395921,0.46719144801811663,True,True,False,True,False,False,False,True,Member
1.071167960115399,1.603313862575342,2.4594478202945336,2.459253230053574,False,False,True,True,False,False,False,True,Normal
1.2339939292882782,-0.38776203009816557,0.35226653873227975,0.3519606152146786,True,True,False,True,False,True,False,False,Normal
-0.43930273263726655,-0.38776203009816557,-0.47560933151113294,-0.47587931219768426,False,False,True,True,True,False,False,False,Normal
-1.5825488991702477,0.27592993412633693,-0.9683561526171939,-0.9686387900938809,False,False,False,True,False,False,False,True,Member
-1.1685552115923954,1.2714678804630908,-0.39909584997292474,-0.3985915598742662,False,False,False,True,False,True,False,False,Member
0.343647672321684,-0.8855310032665424,-0.5000936456033596,-0.5005072747256127,True,True,False,True,True,False,False,False,Normal
-1.0576949772619244,0.9396218983508394,-0.37614180551146237,-0.3764664390666555,False,False,False,False,False,False,True,False,Member
1.150848753540425,0.6077759162385882,1.4341671676825434,1.4342894887489699,False,False,False,False,True,False,False,False,Normal
1.7536512777123605,0.27592993412633693,1.5076201099592235,1.507172239644628,False,False,True,True,False,False,True,False,Normal
0.2587703054124172,-0.7196080122104168,-0.39450504108063233,-0.3946871267905702,True,True,False,True,False,False,False,False,Member
0.9360570495251375,1.603313862575342,2.2926484305412393,2.292163516805148,False,False,True,False,False,False,False,False,Normal
-1.404133209544646,-0.7196080122104168,-1.0112037022785902,-1.0116876676833495,True,True,False,True,False,False,True,False,Normal
-1.2828798282456935,1.4373908715192163,-0.48938175818801055,-0.48909431648096297,False,False,False,True,False,False,False,True,Member
0.5722969056282802,0.27592993412633693,0.6307756115313576,0.6304768418516592,False,False,False,True,True,False,False,False,Normal
-0.9814785661597258,0.7736989072947138,-0.35624830031152827,-0.35644370530411196,True,True,False,True,True,False,False,False,Normal
0.5757612879511074,-1.051453994322668,-0.5811979360338603,-0.5804980961069742,False,False,True,False,False,True,False,False,Member
1.6757026754487483,-1.3832999764349192,-0.7479973257871542,-0.7477880366930255,False,False,False,False,False,False,False,False,Normal
0.797481756612049,1.603313862575342,2.1212582318956534,2.1207689157977754,False,False,False,False,True,False,False,False,Member
1.6705061019645073,1.105544889406965,2.542082380355798,2.542347575168129,False,False,True,False,False,False,True,False,Member
0.400809980648333,-1.549222967491045,-1.0463999037861662,-1.04632699709255,False,False,False,True,False,False,False,True,Member
-1.643175589819724,-1.549222967491045,-1.1734122831395917,-1.1727705608030123,False,False,False,False,False,True,False,False,Member
1.256512414386655,-0.7196080122104168,-0.024179790435704687,-0.024466779521140077,True,True,False,True,False,False,False,True,Normal
-0.3613541303736543,-0.38776203009816557,-0.43735259074202887,-0.4373355497047879,False,False,True,True,False,False,False,False,Normal
-1.563494796394698,1.105544889406965,-0.858176739202174,-0.8576127313805769,True,True,False,False,False,True,False,False,Normal
-0.8047950676955378,-0.38776203009816557,-0.6561811479413042,-0.6566845980734524,False,False,False,True,False,False,False,True,Member
-0.12750832358281738,-1.549222967491045,-1.0785355660322136,-1.0789640531254958,False,False,True,True,False,True,False,False,Member
-0.7493649505303025,-0.22183903904203991,-0.559774161203162,-0.5595743393251162,True,True,False,False,False,True,False,False,Member
-1.5513694582648028,-1.2173769853787937,-1.1275041942166668,-1.1268183868179749,False,False,False,True,False,True,False,False,Member
0.5116702149788037,-1.2173769853787937,-0.7434065168948616,-0.7439837172781422,False,False,False,False,False,False,False,True,Normal
1.627201322929167,1.2714678804630908,2.713472579001384,2.713541948837877,False,False,False,False,False,False,False,False,Normal
1.2062788707056606,-1.3832999764349192,-0.8061475717561923,-0.8058539646044018,False,False,False,True,False,True,False,False,Normal
-0.5726814520661144,0.7736989072947138,0.02325856811798447,0.022786872158462673,True,True,False,True,False,True,False,False,Member
-0.22970760210622018,0.27592993412633693,0.035500725164097795,0.03530108076005239,True,True,False,False,True,False,False,False,Normal
-1.586013281493075,-0.5536850211542912,-1.0617026000938077,-1.0612439337456447,False,False,False,False,False,True,False,False,Normal
0.23625182031404013,0.9396218983508394,0.9031636058073788,0.9037871577103787,False,False,True,True,False,False,True,False,Member
-0.8307779351167419,0.44185292518246255,-0.34553641289617903,-0.3460318837475894,True,True,False,False,False,False,False,True,Member
-1.594674237300143,0.44185292518246255,-0.9607048044633729,-0.9602292419136125,True,True,False,False,False,False,False,False,Normal
-0.011451515768105686,1.2714678804630908,0.8893911791305013,0.88947090307016,False,False,False,False,True,False,False,False,Normal
-0.20199254352360246,1.2714678804630908,0.6766837004542824,0.6773300388560112,True,True,False,True,False,True,False,False,Normal
1.1595097093474933,-0.38776203009816557,0.3155400675939398,0.3151187850915984,False,False,True,True,False,False,False,True,Normal
-1.0178545805494115,0.11000694307021133,-0.6026217108645586,-0.6027233305833976,False,False,True,True,False,False,True,False,Member
-0.5189835260622926,-1.2173769853787937,-0.9346902207403821,-0.9352008247104331,False,False,True,True,True,False,False,False,Normal
1.1369912242491158,-0.38776203009816557,0.30329791054782645,0.303906054184574,False,False,False,True,True,False,False,False,Member
0.2916819374792756,-0.8855310032665424,-0.5169266115417654,-0.5166255754044603,False,False,False,True,False,False,False,True,Normal
0.4770263917505317,0.11000694307021133,0.41347732396284637,0.4141312035473761,False,False,True,True,False,False,False,False,Normal
-0.011451515768105686,0.6077759162385882,0.4272497506397238,0.4279468898435314,False,False,True,False,False,False,False,True,Member
1.0036125048202682,1.4373908715192163,2.1977717134338617,2.1975560997771293,False,False,False,True,False,False,False,True,Normal
1.5735033969253456,-0.8855310032665424,-0.120586777173847,-0.120275560574911,False,False,True,True,True,False,False,False,Normal
0.6329235962777564,-1.3832999764349192,-0.876539974771344,-0.8767344421238059,False,False,False,False,False,False,True,False,Normal
-0.19679597003936175,1.2714678804630908,0.6828047789773392,0.6831366316471487,False,False,True,True,False,True,False,False,Member
-0.9832107573211394,1.603313862575342,-0.0823300364047429,-0.0817317980820146,False,False,True,True,False,False,False,True,Member
0.8407865356473891,0.44185292518246255,0.9980403229147568,0.9977938927255204,False,False,False,True,False,True,False,False,Normal
0.5567071851755577,-1.3832999764349192,-0.885721592555929,-0.8861451269922015,True,True,False,True,False,True,False,False,Normal
0.8078749035805307,-1.3832999764349192,-0.8551161999406457,-0.8551098896602589,False,False,False,False,False,False,True,False,Normal
0.0630327041726794,0.6077759162385882,0.49305134476258283,0.4925202062277342,False,False,False,True,False,True,False,False,Normal
-1.1113929032657464,1.2714678804630908,-0.33482452548082986,-0.33491926650937776,False,False,True,True,False,False,False,False,Member
0.6311914051163429,-0.5536850211542912,-0.10069327197391288,-0.10135407716930735,False,False,True,False,False,True,False,False,Member
-1.3487030923794106,1.105544889406965,-0.6316968338490777,-0.6317562945390858,True,True,False,False,False,False,False,False,Member
-0.17427748494098472,0.44185292518246255,0.1824066097174574,0.1817673782330585,False,False,False,False,True,False,False,False,Normal
-0.31804935133831413,-1.549222967491045,-1.0907777230783269,-1.0907774660453964,False,False,False,False,False,True,False,False,Member
-1.1512332999782593,1.105544889406965,-0.42358016406515137,-0.4241205454215092,False,False,True,True,False,False,False,False,Normal
1.738061557259638,-1.549222967491045,-0.9637653437249013,-0.963633106653245,False,False,True,True,False,True,False,False,Normal
0.4077387452939873,0.9396218983508394,1.0730235348222008,1.073479826347935,False,False,True,False,False,False,True,False,Normal
0.09421214507812457,-0.5536850211542912,-0.3332942558500657,-0.3338180161524379,False,False,False,True,True,False,False,False,Member
-1.3972044448989918,1.4373908715192163,-0.624045485695257,-0.6234468600276302,False,False,False,False,False,False,False,False,Normal
0.8182680505490124,-1.549222967491045,-1.0203853200631754,-1.0204976705388686,True,True,False,False,True,False,False,False,Normal
-0.8584929936993597,1.4373908715192163,0.009486141441107017,0.009571867875184005,False,False,True,False,False,False,True,False,Normal
1.4193383835595343,0.44185292518246255,1.4632422906670628,1.4629219980294068,False,False,True,True,False,False,False,False,Normal
0.9776296373990644,0.44185292518246255,1.1082197363297768,1.1078188147506973,False,False,True,False,False,False,True,False,Member
-1.3244524161196203,-0.8855310032665424,-1.0157945111708828,-1.0162928964487346,True,True,False,False,True,False,False,False,Member
1.2859596641306867,-1.3832999764349192,-0.7954356843408432,-0.7959427113919428,True,True,False,False,False,True,False,False,Member
-0.36481851269648147,1.603313862575342,0.6828047789773392,0.6831366316471487,False,False,False,True,False,False,False,False,Normal
-0.15349119100402156,0.27592993412633693,0.09212070150237174,0.09186530363923795,False,False,True,True,False,False,False,False,Normal
-0.9017977727346999,1.2714678804630908,-0.10222354160467702,-0.10165441817574537,False,False,False,True,True,False,False,False,Member
1.1006152098594306,-0.38776203009816557,0.2864649446094208,0.2859857074670976,False,False,False,True,False,False,False,True,Normal
0.7212653455098503,0.27592993412633693,0.7409550249463773,0.7410023322208995,True,True,False,True,False,True,False,False,Normal
-1.1356435795255369,1.105544889406965,-0.4082774677575098,-0.40780201740503624,True,True,False,False,False,False,True,False,Normal
-1.1027319474586783,0.6077759162385882,-0.5169266115417654,-0.5168258027420859,True,True,False,False,False,False,True,False,Member
1.1525809447018383,-1.549222967491045,-1.0004918148632413,-0.9998742547634487,True,True,False,True,False,True,False,False,Member
0.15310664456618722,-0.5536850211542912,-0.3088099417578391,-0.3083891442740075,True,True,False,False,False,False,True,False,Normal
1.111008356827912,-0.22183903904203991,0.47621837882417684,0.4759013372048231,False,False,True,False,False,False,False,False,Member
0.19987580592435453,1.4373908715192163,1.253595351252372,1.2531838618667632,True,True,False,False,False,False,False,False,Normal
-0.4410349237986804,-0.05591604798591429,-0.2996283239732542,-0.29917868674323744,True,True,False,True,False,True,False,False,Normal
-0.8065272588569515,-1.2173769853787937,-0.9882496578171279,-0.9885614101876116,True,True,False,True,False,False,False,True,Normal
1.1924213414143514,-0.5536850211542912,0.14108932968682503,0.14152168337034587,False,False,False,True,False,False,False,False,Member
0.2258586733455587,0.6077759162385882,0.6338361507928859,0.6334802519160408,False,False,False,True,False,False,True,False,Member
-0.19159939655512073,0.7736989072947138,0.37675085282450643,0.3762882367361688,True,True,False,False,False,False,True,False,Normal
1.5301986178900053,-0.8855310032665424,-0.13435920385072445,-0.13369079219581506,False,False,False,True,False,False,True,False,Member
-1.643175589819724,1.105544889406965,-0.9408112992634388,-0.9413077585080089,True,True,False,False,False,True,False,False,Normal
1.2322617381268643,-0.8855310032665424,-0.22617538169657422,-0.2257953675035154,True,True,False,True,False,True,False,False,Normal
-0.8411710820852235,1.105544889406965,-0.09763273271238448,-0.09815043976730031,True,True,False,True,False,False,False,False,Member
0.5168667884630447,1.603313862575342,1.7738870257121881,1.7736748260240827,True,True,False,True,False,True,False,False,Member
-0.0287734273822417,0.6077759162385882,0.41347732396284637,0.41302995319043634,True,True,False,True,True,False,False,False,Normal
-0.5640204962590464,0.27592993412633693,-0.21240295501969678,-0.2127805905578621,False,False,False,True,False,False,True,False,Normal
1.5856287350552403,-0.5536850211542912,0.31247952833241155,0.3118150340207786,False,False,True,False,False,False,True,False,Normal
0.3297901430303751,-0.5536850211542912,-0.2322964602196309,-0.23190230130109116,True,True,False,True,False,False,False,True,Normal
-0.905262155057527,-0.22183903904203991,-0.6469995301567194,-0.6463728901857424,False,False,True,True,True,False,False,False,Member
-1.409329783028887,-1.549222967491045,-1.15810958683195,-1.158254078825168,True,True,False,True,True,False,False,False,Normal
0.08555118927105641,-0.38776203009816557,-0.21699376391198932,-0.21628456896630718,False,False,False,True,True,False,False,False,Normal
1.398552089622571,0.6077759162385882,1.6484049159895267,1.6487329673458109,True,True,False,True,False,False,False,False,Normal
-1.6379790163354833,1.2714678804630908,-0.9209177940635047,-0.9210847974078399,False,False,False,False,False,True,False,False,Member
1.2894240464535138,1.4373908715192163,2.532900762571213,2.5333373449749845,True,True,False,False,False,False,True,False,Normal
-1.549637267103389,-0.05591604798591429,-0.9851891185555995,-0.9847570907727284,False,False,True,False,False,False,False,True,Member
-0.7753478179515064,-0.5536850211542912,-0.70974058501805,-0.7102454108882564,False,False,True,True,False,True,False,False,Normal
0.5411174647228353,0.9396218983508394,1.2061569926986833,1.2055297555119098,False,False,False,False,False,False,True,False,Member
0.0006738223617896152,1.2714678804630908,0.9031636058073788,0.9029862483598768,True,True,False,True,False,False,True,False,Normal
-0.18293844074805288,-1.549222967491045,-1.0831263749245061,-1.0824680315339408,True,True,False,False,False,False,True,False,Normal
-1.3002017398598296,0.11000694307021133,-0.7954356843408432,-0.7948414610350029,False,False,False,True,False,False,False,True,Member
-0.3752116596649632,-0.05591604798591429,-0.25831104394262167,-0.2584324235364614,False,False,False,False,False,False,True,False,Normal
0.1548388357276008,1.4373908715192163,1.2000359141756265,1.2002237310648356,True,True,False,True,False,False,False,False,Member
-0.49819723212532935,0.27592993412633693,-0.1634343268352435,-0.1639251201772559,False,False,True,True,False,True,False,False,Normal
-0.8602251848607733,-0.5536850211542912,-0.74646705615639,-0.7469871273425238,False,False,False,True,False,False,False,False,Normal
-1.1581620646239137,-1.549222967491045,-1.1428068905243085,-1.142736460159197,False,False,True,False,True,False,False,False,Normal
-0.10672202964585391,-0.8855310032665424,-0.6393481820028986,-0.6397653880441031,False,False,False,True,False,False,False,True,Member
1.1404556065719436,-1.2173769853787937,-0.6271060249567852,-0.6273512931113261,True,True,False,True,False,True,False,False,Normal
-0.5882711725188369,0.27592993412633693,-0.23076619058886677,-0.23080105094415126,True,True,False,True,False,False,True,False,Normal
0.8130714770647715,-0.38776203009816557,0.1441498689483533,0.14372418408422566,False,False,False,True,False,True,False,False,Member
-1.4127941653517142,-0.8855310032665424,-1.0433393645246378,-1.0436239280346065,False,False,False,False,False,False,True,False,Normal
0.8200002417104261,-1.3832999764349192,-0.8535859303098815,-0.8536081846280682,False,False,True,True,False,False,False,False,Normal
-0.4237130121845441,-1.549222967491045,-1.0968988016013836,-1.097284854518223,False,False,True,True,False,False,False,True,Member
1.4626431625948746,-1.3832999764349192,-0.774011909510145,-0.7741179315907704,True,True,False,True,False,False,False,False,Normal
0.3575052016129929,-0.7196080122104168,-0.3577785699422924,-0.3580455240051156,False,False,True,False,False,False,False,True,Normal
-0.6818094952351716,-0.7196080122104168,-0.7434065168948616,-0.7436833762717041,False,False,True,True,True,False,False,False,Normal
0.3644339662586471,-1.2173769853787937,-0.7709513702486165,-0.7713147488640143,True,True,False,False,False,True,False,False,Normal
-0.3596219392122408,-1.051453994322668,-0.812268650279249,-0.8118607847331648,False,False,False,True,False,False,False,True,Normal
-1.2465038138560076,-0.38776203009816557,-0.8750097051405797,-0.8752327370916152,False,False,True,False,True,False,False,False,Normal
-0.4237130121845441,0.7736989072947138,0.16098283488675927,0.1609437351200131,False,False,False,False,False,True,False,False,Member
-1.3452387100565832,-0.22183903904203991,-0.8918426710789856,-0.89125092410165,True,True,False,False,False,False,False,True,Member
-1.0854100358445422,1.105544889406965,-0.35471803068076396,-0.3549420002719213,True,True,False,False,False,False,False,True,Member
1.547520529504141,1.603313862575342,3.0486016281387367,3.048422171016417,False,False,True,False,True,False,False,False,Normal
-1.4630277090327086,-0.5536850211542912,-1.008143163017062,-1.007983461937279,True,True,False,True,False,False,False,True,Member
1.1941535325757653,1.4373908715192163,2.4211910795254292,2.4214102632423664,False,False,False,False,False,False,True,False,Member
0.19467923244011381,-1.2173769853787937,-0.8030870324946641,-0.8028505545400203,False,False,True,True,False,False,False,False,Member
0.26050249657383073,-0.38776203009816557,-0.12976839495843193,-0.12968624544330645,False,False,True,True,False,False,True,False,Member
-0.8030628765341242,-1.2173769853787937,-0.9882496578171279,-0.9879607281747353,False,False,False,False,False,False,False,True,Normal
0.7524447864152952,-0.8855310032665424,-0.37461153588069823,-0.37416382468396314,True,True,False,True,False,True,False,False,Normal
0.5740290967896938,1.4373908715192163,1.6927827352816873,1.692782981623407,True,True,False,True,False,False,True,False,Normal
-0.6385047161998315,0.6077759162385882,-0.11446569865079034,-0.11486942245902418,True,True,False,True,False,False,False,True,Normal
0.669299610667442,0.6077759162385882,1.017933828114691,1.0174161718128132,False,False,True,False,True,False,False,False,Normal
1.6912923959014707,1.105544889406965,2.5635061551864964,2.564172354969301,False,False,False,True,False,True,False,False,Normal
0.49781268568749515,-1.3832999764349192,-0.8933729407097497,-0.8934534248155298,True,True,False,True,False,False,False,True,Normal
1.0971508275366035,-1.549222967491045,-1.0035523541247695,-1.003278119503081,False,False,True,False,False,True,False,False,Normal
-0.25222608720459694,-0.8855310032665424,-0.6852562709258235,-0.6848165390098261,False,False,True,False,False,False,False,False,Normal
-1.1252504325570554,-1.549222967491045,-1.1412766208935443,-1.1407341867829426,True,True,False,False,False,False,False,False,Normal
0.15137445340477365,-1.3832999764349192,-0.9362204903711464,-0.936302075067373,False,False,False,True,False,False,True,False,Normal
-0.35269317456658617,0.7736989072947138,0.2267844290096183,0.22681852919878148,False,False,False,True,True,False,False,False,Member
0.563635949821212,1.603313862575342,1.8320372716812263,1.8315405265978333,False,False,False,True,True,False,False,False,Member
0.6052085376951387,1.603313862575342,1.8825361694964435,1.882898838698758,True,True,False,True,True,False,False,False,Normal
-1.0317121098407205,-1.3832999764349192,-1.0831263749245061,-1.0826682588715664,False,False,False,False,False,True,False,False,Normal
1.111008356827912,-0.7196080122104168,-0.07773922751245037,-0.07842804701119493,False,False,True,False,True,False,False,False,Normal
-0.8671539495064277,-1.549222967491045,-1.1244436549551384,-1.1247159997729077,False,False,False,False,False,False,False,True,Member
0.4094709364554009,0.9396218983508394,1.074553804452965,1.0751817587177512,False,False,True,True,True,False,False,False,Normal
-1.6587653102724464,-1.3832999764349192,-1.1596398564627144,-1.1601562385326099,False,False,True,True,False,True,False,False,Member
1.4903582211774924,0.6077759162385882,1.7279789367892633,1.7282232203831087,True,True,False,True,False,True,False,False,Normal
-1.2880764017299342,0.6077759162385882,-0.6776049227720026,-0.6773080138488722,False,False,False,True,False,False,False,False,Member
-0.768419053305852,1.2714678804630908,0.046212612579446984,0.046814152673514985,True,True,False,True,False,False,True,False,Member
-0.5259122907079471,1.2714678804630908,0.31707033722470396,0.3168207174614145,False,False,False,False,False,False,False,True,Normal
-1.4768852383240174,-0.22183903904203991,-0.9637653437249013,-0.9644340160037467,False,False,False,True,False,False,False,False,Normal
-1.0940709916516105,-0.8855310032665424,-0.9454021081557313,-0.9451120779228921,False,False,False,False,True,False,False,False,Normal
0.4666332447820499,1.2714678804630908,1.4219250106364303,1.421675166478567,False,False,False,False,True,False,False,False,Member
1.5371273825356597,0.9396218983508394,2.1916506349108045,2.191048711304303,False,False,True,True,False,False,False,False,Normal
-0.12057955893716278,0.6077759162385882,0.3339033031631097,0.3335397001531385,False,False,False,False,True,False,False,False,Member
0.0630327041726794,-1.051453994322668,-0.7066800457565217,-0.7072420008238749,True,True,False,True,False,True,False,False,Member
-1.5288509731664257,-1.2173769853787937,-1.1229133853243745,-1.1226136127278405,False,False,False,False,False,True,False,False,Member
-1.1598942557853273,-1.3832999764349192,-1.0984290712321476,-1.0984862185439757,False,False,True,True,False,False,False,True,Member
0.9758974462376505,0.9396218983508394,1.6361627589434131,1.635718190400158,False,False,False,False,False,True,False,False,Normal
0.3228613783847205,-1.051453994322668,-0.6424087212644268,-0.6429690254461101,False,False,False,True,False,False,False,False,Member
-0.02011247157517354,1.2714678804630908,0.8802095613459162,0.879859990864139,True,True,False,False,True,False,False,False,Member
0.7714988891908449,-1.2173769853787937,-0.6959681583411726,-0.6958290425792251,False,False,True,False,False,False,True,False,Member
0.2882175551564485,0.6077759162385882,0.6873955878696316,0.6874415194060955,False,False,True,True,False,False,True,False,Member
1.405480854268225,1.2714678804630908,2.4670991684483536,2.466761755214528,True,True,False,True,False,False,False,False,Member
0.49781268568749515,0.6077759162385882,0.869497673930567,0.8689476009635527,False,False,True,True,False,False,False,False,Normal
-0.4289095856687851,-1.3832999764349192,-1.008143163017062,-1.0080835756060915,True,True,False,True,False,False,False,False,Normal
0.6554420813761331,-1.549222967491045,-1.0310972074785245,-1.030609151088953,False,False,False,False,False,False,True,False,Normal
0.5359208912385943,0.9396218983508394,1.2000359141756265,1.2003238447336484,True,True,False,False,True,False,False,False,Normal
1.2409226939339326,0.44185292518246255,1.3193969453752312,1.3194591106207825,False,False,True,True,True,False,False,False,Member
0.6433167432462381,-1.051453994322668,-0.5643649700954545,-0.5637791134152503,False,False,False,False,False,False,True,False,Member
1.1369912242491158,-0.38776203009816557,0.30329791054782645,0.303906054184574,False,False,True,False,True,False,False,False,Member
-1.4491701797413998,-1.051453994322668,-1.081596105293742,-1.0813667811770011,False,False,True,True,False,False,False,True,Member
-0.6592910101367948,0.9396218983508394,0.01713748959492781,0.01768107504901402,True,True,False,True,False,False,False,True,Member
1.1699028563159746,-1.549222967491045,-0.998961545232477,-0.998773004406509,False,False,False,True,False,False,False,True,Member
1.1716350474773884,-0.8855310032665424,-0.24453861726574422,-0.24451662357149365,False,False,False,True,False,False,False,True,Member
-0.07207820641758189,-1.2173769853787937,-0.8520556606791174,-0.8523067069335029,True,True,False,True,False,False,True,False,Normal
-0.0027905599610375258,-0.22183903904203991,-0.14354082163530937,-0.144002500083525,True,True,False,True,False,False,False,True,Normal
0.9793618285604776,-1.051453994322668,-0.48020014040342546,-0.480584654631882,False,False,True,True,False,False,False,True,Member
-1.0836778446831286,-0.5536850211542912,-0.8444043125252965,-0.8437970450844219,False,False,True,True,True,False,False,False,Member
-1.0940709916516105,0.11000694307021133,-0.6546508783105401,-0.6545822110283853,True,True,False,True,False,False,True,False,Normal
0.851179682615871,1.2714678804630908,1.8504005072503964,1.8497612143217486,False,False,False,False,False,False,False,False,Member
0.6017441553723115,-0.5536850211542912,-0.11446569865079034,-0.11416862677733508,False,False,False,True,False,False,False,True,Normal
1.547520529504141,-0.38776203009816557,0.5068237714394603,0.5070366882055781,False,False,False,False,True,False,False,False,Member
0.612137302340793,0.44185292518246255,0.8144079672230572,0.8139851967853706,False,False,True,True,False,False,False,False,Member
0.383488069034197,0.6077759162385882,0.7700301479308963,0.769935182507775,False,False,True,False,False,True,False,False,Member
-1.2742188724386254,-1.2173769853787937,-1.0754750267706852,-1.0753599610482378,False,False,True,False,True,False,False,False,Normal
-1.1269826237184688,-1.3832999764349192,-1.0938382623398553,-1.0943815581226544,False,False,False,False,True,False,False,False,Normal
-1.1685552115923954,-0.7196080122104168,-0.9239783333250331,-0.9242884348098468,False,False,False,True,False,False,False,False,Member
-1.0836778446831286,-0.8855310032665424,-0.9423415688942031,-0.9419084405208852,False,False,True,False,False,False,False,False,Member
-1.4664920913555357,-1.2173769853787937,-1.110671228278261,-1.1110004271455654,False,False,True,False,False,True,False,False,Normal
-1.1598942557853273,0.7736989072947138,-0.521517420434058,-0.5219315998515344,False,False,True,False,False,False,False,True,Member
-0.5380376288378422,0.7736989072947138,0.05539423036403177,0.054923359847345,False,False,True,True,False,False,False,True,Normal
-1.0230511540336524,-0.8855310032665424,-0.9224480636942688,-0.9230870707840944,True,True,False,True,False,False,False,False,Member
-0.9295128313173177,-0.7196080122104168,-0.8352226947407115,-0.835587724241779,True,True,False,True,False,False,False,False,Normal
-0.8290457439553284,-0.7196080122104168,-0.7984962236023716,-0.7983454394434479,False,False,True,False,False,True,False,False,Member
-0.7407039947232344,0.11000694307021133,-0.41439854628056644,-0.4142092922090502,False,False,True,False,False,False,False,True,Normal
-0.5848067901960097,1.4373908715192163,0.3308427639015814,0.3311369721016332,False,False,False,False,False,False,False,True,Member
1.4193383835595343,0.6077759162385882,1.6667681515586963,1.6667534277321001,True,True,False,False,False,True,False,False,Normal
1.3309966343274402,-1.3832999764349192,-0.7908448754485508,-0.7904364596072434,False,False,False,False,True,False,False,False,Normal
0.383488069034197,-1.549222967491045,-1.0479301734169302,-1.0474282474494896,True,True,False,False,False,True,False,False,Normal
0.34191548116027043,1.603313862575342,1.5565887381436767,1.557229074050987,False,False,False,True,False,False,False,False,Normal
0.6831571399587509,0.9396218983508394,1.3454115290982223,1.3459892328561527,False,False,False,False,False,False,False,False,Normal
1.3344610166502673,0.44185292518246255,1.3943801572826755,1.3946444758991334,False,False,True,True,True,False,False,False,Member
0.8269290063560804,1.4373908715192163,1.9896550436499354,1.9899203506595533,False,False,True,False,False,False,False,False,Normal
1.2287973558040373,0.11000694307021133,0.9261176502688413,0.9256119375115509,False,False,True,True,False,False,False,True,Member
-0.5605561139362193,1.105544889406965,0.19617903639433484,0.19678442855496617,True,True,False,False,False,False,False,True,Normal
1.5561814853112093,-0.05591604798591429,0.935299268053426,0.9359236453992609,False,False,False,True,False,False,True,False,Member
0.009334778168857775,1.2714678804630908,0.9123452235919638,0.9125971605658978,False,False,False,False,False,False,True,False,Member
-0.3613541303736543,-0.8855310032665424,-0.718922202802635,-0.7185548453997119,False,False,False,False,False,False,False,True,Normal
-1.6310502516898286,-1.3832999764349192,-1.156579317201186,-1.1567523737929775,True,True,False,True,False,False,False,True,Member
0.6259948316321018,1.2714678804630908,1.5994362878050734,1.599076587614703,False,False,False,True,True,False,False,False,Normal
-1.267290107792971,-0.5536850211542912,-0.9239783333250331,-0.9232872981217197,True,True,False,False,False,False,True,False,Member
1.2287973558040373,0.11000694307021133,0.9261176502688413,0.9256119375115509,False,False,False,True,False,False,False,True,Member
-0.8013306853727107,-1.2173769853787937,-0.9882496578171279,-0.9876603871682972,True,True,False,False,False,False,True,False,Member
0.49261611220325413,-1.2173769853787937,-0.7479973257871542,-0.7475878093554001,False,False,True,True,False,False,True,False,Member
0.14964226224335977,-0.7196080122104168,-0.43582232111126473,-0.43523316265972084,False,False,False,True,False,True,False,False,Normal
1.2876918552921,0.9396218983508394,1.9437469547270103,1.9441684040121407,False,False,True,False,False,False,True,False,Member
-1.4491701797413998,0.9396218983508394,-0.7633000220947959,-0.7638062237030605,False,False,False,True,True,False,False,False,Member
-1.3902756802533371,1.603313862575342,-0.5857887449261527,-0.585203438541172,False,False,True,True,True,False,False,False,Normal
-0.8602251848607733,1.4373908715192163,0.00795587181034275,0.007569594498929621,False,False,False,False,True,False,False,False,Normal
-1.6882125600164777,1.603313862575342,-0.9530534563095521,-0.9536217397719732,False,False,False,False,False,True,False,False,Member
1.5942896908623083,0.7736989072947138,2.0325025933113317,2.0328691145802087,False,False,False,False,False,False,False,True,Member
1.2339939292882782,-1.549222967491045,-0.9943707363401846,-0.9947684576540001,False,False,True,False,True,False,False,False,Member
0.7160687720256097,0.44185292518246255,0.897042527284322,0.8974799965751772,True,True,False,True,False,False,False,False,Member
0.8130714770647715,0.27592993412633693,0.8098171583307648,0.8091797406823603,False,False,False,True,False,False,False,True,Member
-0.5207157172237062,0.7736989072947138,0.07069692667167363,0.07094154685737991,False,False,True,False,False,True,False,False,Member
-0.1257761324214038,-1.549222967491045,-1.0785355660322136,-1.078863939456683,True,True,False,True,True,False,False,False,Member
-0.8377066997623964,0.9396218983508394,-0.1588435179429511,-0.15881932306780727,False,False,True,True,False,False,True,False,Member
-0.26261923417307864,1.603313862575342,0.8098171583307648,0.809580195357611,False,False,True,False,False,False,True,False,Member
-1.369489386316374,0.6077759162385882,-0.7479973257871542,-0.7477880366930255,False,False,False,True,False,False,False,True,Normal
0.3176648049004798,0.11000694307021133,0.3063584498093547,0.3058082138920156,False,False,False,True,False,False,True,False,Member
-0.5363054376764287,-0.05591604798591429,-0.3577785699422924,-0.3580455240051156,False,False,False,True,True,False,False,False,Member
-1.461295517871295,1.105544889406965,-0.7495275954179185,-0.7500906510757182,False,False,False,False,False,False,True,False,Normal
-0.936441595962972,0.9396218983508394,-0.25678077431185753,-0.2565302638290198,True,True,False,True,False,False,True,False,Normal
0.7074078162185415,1.105544889406965,1.5290438847899217,1.5297979287963024,True,True,False,True,True,False,False,False,Member
0.3488442458059247,-1.3832999764349192,-0.9117361762789198,-0.9118743398770699,False,False,True,False,False,False,False,False,Member
0.9273960937180699,-0.22183903904203991,0.3736903135629779,0.3736852813470382,False,False,True,True,False,True,False,False,Member
-0.4098554828932352,0.7736989072947138,0.1732249919328726,0.17375828472804097,False,False,True,False,False,False,False,True,Member
-0.5016616144481565,-0.38776203009816557,-0.5062147241264162,-0.5067143221920013,True,True,False,False,True,False,False,False,Member
1.2478514585795868,1.2714678804630908,2.2911181609104756,2.2912624937858332,False,False,False,True,False,False,True,False,Normal
-0.6385047161998315,-0.05591604798591429,-0.42051962480362315,-0.4212172490259403,False,False,True,False,False,False,False,True,Normal
-0.15868776448826227,-1.2173769853787937,-0.8688886266175231,-0.8684250076123504,False,False,True,True,False,True,False,False,Member
-0.2539582783660108,-0.22183903904203991,-0.2843256276656124,-0.28386129541489163,False,False,False,True,True,False,False,False,Normal
-0.30765620436983243,0.9396218983508394,0.3660389654091572,0.365676187842021,False,False,False,False,False,False,True,False,Member
0.9499145788164466,-1.549222967491045,-1.0127339719093547,-1.0123884633650384,True,True,False,True,False,False,False,False,Normal
1.627201322929167,0.6077759162385882,1.8473399679888676,1.846757804257367,False,False,False,True,False,False,False,True,Member
-0.27474457230297394,0.6077759162385882,0.2007698452866275,0.20008817962578568,False,False,False,False,False,True,False,False,Member
1.039988519209954,-1.549222967491045,-1.006612893386298,-1.0067820979115263,False,False,True,True,False,True,False,False,Normal
-0.7320430389161663,-1.051453994322668,-0.9040848281250989,-0.9039653600408653,True,True,False,False,False,False,True,False,Normal
0.4770263917505317,0.27592993412633693,0.5603832085162059,0.5597965916698805,False,False,False,False,False,False,False,False,Normal
1.296352811099168,0.6077759162385882,1.5596492774052049,1.5602324841153687,False,False,True,True,False,False,False,True,Member
0.2258586733455587,1.603313862575342,1.4142736624826096,1.4137661866423628,False,False,False,True,False,True,False,False,Normal
-0.49473284980250204,-1.2173769853787937,-0.9300994118480898,-0.9306957096138607,False,False,False,False,False,False,False,False,Member
-0.5137869525780517,-1.2173769853787937,-0.9346902207403821,-0.9342998016911186,True,True,False,True,False,False,True,False,Member
1.0486494750170223,1.105544889406965,1.8886572480195005,1.8886053178210829,False,False,False,True,False,True,False,False,Normal
-1.3417743277337562,-1.3832999764349192,-1.1213831156936103,-1.1210117940268371,False,False,False,True,False,False,False,False,Member
-1.4959393410995674,1.603313862575342,-0.7158616635411067,-0.7158517763417687,True,True,False,False,False,True,False,False,Member
-1.404133209544646,-0.05591604798591429,-0.8949032103405139,-0.894754902510095,False,False,False,False,False,False,False,True,Member
1.001880313658855,0.27592993412633693,0.9490716947303037,0.9492387633513525,True,True,False,True,True,False,False,False,Member
0.9793618285604776,-1.3832999764349192,-0.8336924251099472,-0.8338857918719629,True,True,False,True,False,False,False,False,Normal
1.5735033969253456,-0.7196080122104168,0.09365097113313588,0.09316678133380324,False,False,False,True,False,False,True,False,Normal
1.7155430721612608,1.4373908715192163,3.033298931831095,3.0340058027073864,True,True,False,False,False,False,False,True,Normal
0.41813189226246905,-0.7196080122104168,-0.33482452548082986,-0.3355199485222541,True,True,False,True,False,True,False,False,Member
-0.0651494417719273,1.2714678804630908,0.8297106635306988,0.8297030427889676,False,False,True,False,True,False,False,False,Member
-1.3850791067690964,1.2714678804630908,-0.6393481820028986,-0.6395651607064777,True,True,False,False,True,False,False,False,Normal
-0.31112058669265985,1.105544889406965,0.4593854128857711,0.45908224084428645,False,False,True,True,False,False,True,False,Normal
-0.17254529377957115,-1.051453994322668,-0.76483029172556,-0.7655081560728766,False,False,False,False,False,False,True,False,Member
-0.10845422080726748,-0.38776203009816557,-0.3118704810193675,-0.3121934636888907,False,False,False,True,False,True,False,False,Member
-0.0651494417719273,-0.8855310032665424,-0.6271060249567852,-0.6269508384360752,True,True,False,False,False,False,False,True,Normal
0.8823591235213158,0.11000694307021133,0.6904561271311599,0.6899443611264136,False,False,True,True,False,False,True,False,Normal
-0.1257761324214038,0.6077759162385882,0.32931249427081727,0.3290345850565661,False,False,True,False,False,False,False,False,Normal
0.023192307460166647,1.2714678804630908,0.9276479198996054,0.9280146655630562,False,False,False,True,False,False,False,True,Normal
0.09767652740095172,-1.549222967491045,-1.064763139355336,-1.0650482531605279,True,True,False,True,False,False,False,True,Member
0.657174272537547,0.11000694307021133,0.5374291640547435,0.5367704478429554,False,False,True,False,False,False,False,True,Normal
0.9776296373990644,-0.8855310032665424,-0.3042191328655467,-0.3044847111903115,False,False,True,False,False,False,False,True,Normal
-1.5790845168474203,0.7736989072947138,-0.9102059066481555,-0.91077308952013,False,False,False,False,False,False,False,False,Normal
1.0884898717295353,0.7736989072947138,1.5642400862974977,1.5637364625238135,False,False,False,True,False,True,False,False,Member
-0.3509609834051726,-1.051453994322668,-0.8092081110177206,-0.809658284019285,True,True,False,False,False,False,False,True,Member
-1.338309945410929,-1.051453994322668,-1.054051251939987,-1.0539356359223162,True,True,False,True,False,False,True,False,Member
-0.046095338996377716,1.603313862575342,1.0776143437144936,1.077384259431631,True,True,False,False,False,False,False,False,Member
-0.7268464654319255,-0.5536850211542912,-0.689847079818116,-0.6893216541063986,False,False,False,True,False,False,False,True,Normal
1.1317946507648755,1.603313862575342,2.5344310322019776,2.5342383679942997,False,False,False,True,False,False,False,True,Normal
-1.0213189628722388,-0.5536850211542912,-0.8168594591715416,-0.816766354504988,False,False,True,False,False,False,False,False,Member
-1.0767490800374742,-1.2173769853787937,-1.0387485556323455,-1.0387183582627832,False,False,False,False,False,True,False,False,Member
-0.10498983848444034,-0.05591604798591429,-0.09151165418932783,-0.09134271028803558,True,True,False,True,False,False,False,True,Normal
-0.15522338216543513,-0.7196080122104168,-0.5490622737878129,-0.5483616084180919,False,False,True,False,False,True,False,False,Normal
-0.9866751396439667,1.105544889406965,-0.2506596957888009,-0.251124125713133,False,False,False,True,False,True,False,False,Normal
1.180296003284456,0.27592993412633693,1.082205152606786,1.0816891471905778,False,False,False,True,False,False,True,False,Normal
-0.14309804403553983,1.603313862575342,0.9567230428841245,0.9573479705251826,False,False,False,False,False,False,True,False,Normal
-1.5617626052332843,1.2714678804630908,-0.8367529643714757,-0.8362885199234681,True,True,False,False,False,True,False,False,Member
0.9481823876550327,-0.5536850211542912,0.035500725164097795,0.03580164910411595,False,False,True,False,False,False,True,False,Normal
0.17908951198739106,-1.3832999764349192,-0.933159951109618,-0.9328982103277406,True,True,False,True,False,False,False,False,Member
-1.3625606216707193,-0.05591604798591429,-0.8688886266175231,-0.8690256896252267,False,False,True,True,False,False,False,False,Normal
-0.8619573760221868,1.2714678804630908,-0.05784572231251626,-0.0573040628917115,True,True,False,True,False,True,False,False,Member
-1.4820818118082586,0.9396218983508394,-0.7969659539716074,-0.7964432797360064,False,False,True,False,False,False,True,False,Normal
-0.9814785661597258,-1.3832999764349192,-1.0770052964014494,-1.0764612114051777,True,True,False,False,False,False,False,False,Member
-0.3613541303736543,-0.7196080122104168,-0.624045485695257,-0.6247483377221955,False,False,False,True,True,False,False,False,Member
-1.5531016494262162,1.2714678804630908,-0.8260410769561266,-0.8265774940486343,False,False,True,True,False,False,True,False,Member
0.20334018824718167,0.11000694307021133,0.22831469864038242,0.22801989322453411,False,False,True,False,True,False,False,False,Member
-1.1754839762380498,-1.2173769853787937,-1.0571117912015153,-1.0570391596555107,False,False,True,False,False,False,False,True,Normal
-0.7909375384042291,1.603313862575342,0.1563920259944666,0.15613827901700275,False,False,False,False,False,False,True,False,Member
-0.21758226397632488,0.6077759162385882,0.2497384734710808,0.2495443320192682,True,True,False,False,False,False,False,False,Member
-0.685273877557999,-1.051453994322668,-0.8918426710789856,-0.8923521744585899,False,False,False,True,False,False,True,False,Normal
-1.686480368855064,0.9396218983508394,-0.998961545232477,-0.9986728907376962,False,False,False,False,True,False,False,False,Member
-1.1391079618483642,-0.5536850211542912,-0.867358356986759,-0.8677242119306614,False,False,True,False,False,False,True,False,Member
0.04744298371995694,1.4373908715192163,1.074553804452965,1.0740805083608114,True,True,False,False,False,False,False,False,Normal
-0.5536273492905648,1.603313862575342,0.4502037951011861,0.44967155597589104,False,False,False,False,True,False,False,False,Normal
-0.18293844074805288,-0.8855310032665424,-0.6638324960951252,-0.6633922138839046,False,False,False,True,False,False,False,False,Normal
-0.33190688062962304,-1.051453994322668,-0.8046173021254283,-0.8049529415850873,False,False,False,True,False,False,False,True,Normal
-1.2153243729505627,-1.051453994322668,-1.0234458593247036,-1.0235010806032503,True,True,False,False,False,False,False,False,Member
1.111008356827912,-1.051453994322668,-0.44806447815737804,-0.44804771226774875,False,False,True,False,False,True,False,False,Member
-0.9208518755102496,1.603313862575342,-0.004286285235770437,-0.004544159427409301,False,False,False,False,False,False,False,True,Member
1.4228027658823614,1.4373908715192163,2.690518534539922,2.6901153503357005,True,True,False,False,False,False,False,False,Normal
1.627201322929167,1.4373908715192163,2.9307708665698957,2.9302880418174104,True,True,False,True,False,False,False,False,Normal
-0.7961341118884697,-0.05591604798591429,-0.5184568811725295,-0.5187279624495275,False,False,False,False,False,False,False,False,Normal
0.891020079328384,-0.38776203009816557,0.1824066097174574,0.18226794657712192,False,False,False,True,False,True,False,False,Member
-1.3487030923794106,1.105544889406965,-0.6316968338490777,-0.6317562945390858,True,True,False,False,True,False,False,False,Member
0.6225304493092747,1.2714678804630908,1.5948454789127808,1.5951721545310071,False,False,False,False,True,False,False,False,Member
-0.31804935133831413,-1.549222967491045,-1.0907777230783269,-1.0907774660453964,True,True,False,True,False,False,False,False,Normal
-1.1910736966907722,1.603313862575342,-0.3394153343731224,-0.33882369959307373,True,True,False,False,True,False,False,False,Member
0.3523086281287518,-0.5536850211542912,-0.22158457280428184,-0.22209116175744478,False,False,True,False,False,False,False,True,Member
1.62373694060634,0.6077759162385882,1.8442794287273394,1.8437543941929853,True,True,False,False,False,False,True,False,Member
-0.8203847881482603,1.2714678804630908,-0.010407363758827098,-0.010951434231423241,False,False,True,False,False,False,True,False,Member
1.4089452365910524,-1.2173769853787937,-0.578137396772332,-0.5775947997114055,True,True,False,False,True,False,False,False,Member
1.6982211605471251,-0.38776203009816557,0.5818069833469044,0.581621371471053,False,False,False,False,False,False,True,False,Normal
0.6796927576359237,0.7736989072947138,1.1847332178679848,1.184505885061239,True,True,False,True,True,False,False,False,Member
0.9308604760408971,0.7736989072947138,1.4173342017441377,1.4174703923884333,True,True,False,True,False,False,True,False,Normal
0.18601827663304565,0.44185292518246255,0.4716275699318845,0.4713962221082506,False,False,False,True,False,False,True,False,Normal
-0.08593573570889076,-1.051453994322668,-0.7434065168948616,-0.7440838309469551,False,False,True,False,False,False,True,False,Member
-1.646639972142551,1.105544889406965,-0.9454021081557313,-0.9450119642540795,True,True,False,True,True,False,False,False,Normal
0.3661661574200607,0.6077759162385882,0.7547274516232547,0.7549181321858675,False,False,True,True,True,False,False,False,Member
-0.30592401320841883,1.105544889406965,0.4639762217780635,0.46448837896017314,True,True,False,False,False,False,True,False,Normal
-0.5622883050976328,-0.05591604798591429,-0.37461153588069823,-0.37416382468396314,False,False,False,False,False,False,False,True,Member
1.4002842807839848,-0.8855310032665424,-0.17414621425059268,-0.17383637338971492,False,False,True,True,False,False,True,False,Member
1.6930245870628842,0.27592993412633693,1.4617120210362984,1.4621210886789051,False,False,False,True,False,False,True,False,Member
1.4089452365910524,-0.5536850211542912,0.23596604679420335,0.23532819104786243,True,True,False,False,False,True,False,False,Member
1.1265980772806345,1.2714678804630908,2.1564544334032294,2.1563092682262903,False,False,True,True,False,True,False,False,Member
-0.009719324606692116,1.105544889406965,0.7761512264539531,0.7759420026365381,False,False,False,True,True,False,False,False,Member
0.09940871856236529,1.603313862575342,1.2566558905139007,1.2572885222880847,False,False,False,False,True,False,False,False,Normal
0.657174272537547,1.4373908715192163,1.790719991650594,1.7904939223846195,False,False,True,True,False,False,True,False,Member
1.6757026754487483,-1.549222967491045,-0.9668258829864297,-0.9674374260681282,True,True,False,False,False,True,False,False,Normal
0.2708956435423125,-0.5536850211542912,-0.25678077431185753,-0.25733117317952153,False,False,False,False,False,False,False,False,Normal
1.4834294565318373,-0.05591604798591429,0.8909214487612654,0.8909726081023508,False,False,False,True,False,False,True,False,Member
-0.3163171601769006,-0.5536850211542912,-0.5123358026494729,-0.5116198919638244,False,False,True,True,False,False,False,False,Member
1.6982211605471251,-0.8855310032665424,-0.0823300364047429,-0.0817317980820146,False,False,True,True,False,False,False,False,Normal
-1.686480368855064,-0.05591604798591429,-1.0693539482476286,-1.069353140919475,False,False,True,False,True,False,False,False,Member
0.39388121600267845,-0.5536850211542912,-0.20475160686587598,-0.2041708150399684,False,False,False,False,False,False,False,True,Normal
0.5930831995652434,0.9396218983508394,1.2566558905139007,1.2568880676128338,True,True,False,True,False,False,True,False,Member
-1.4578311355484679,-0.22183903904203991,-0.9545837259403164,-0.9539220807784113,False,False,True,False,False,True,False,False,Normal
-1.0386408744863749,-1.051453994322668,-0.9790680400325429,-0.9797514073320925,False,False,True,True,True,False,False,False,Normal
-1.5479050759419755,0.11000694307021133,-0.9637653437249013,-0.9633327656468068,False,False,True,True,False,False,False,False,Member
-0.4237130121845441,0.9396218983508394,0.25126874310184494,0.25084580971383347,True,True,False,True,False,False,True,False,Normal
0.22412648218414513,1.4373908715192163,1.281140204606127,1.2816161438095752,False,False,True,False,False,False,False,True,Normal
-0.9347094048015584,-0.5536850211542912,-0.7786027184024374,-0.7792237287002189,False,False,False,False,False,False,False,False,Member
0.7749632715136723,-0.05591604798591429,0.4532643343627146,0.4528751933778979,False,False,False,True,False,False,False,True,Normal
-0.36655070385789507,0.7736989072947138,0.21454227196350495,0.2140039795907536,False,False,False,True,True,False,False,False,Normal
-1.3487030923794106,1.4373908715192163,-0.5658952397262187,-0.5663820688043811,False,False,False,False,False,False,False,False,Member
-1.695141324662132,0.7736989072947138,-1.0188550504324112,-1.0184953971626143,True,True,False,True,True,False,False,False,Normal
-0.7545615240145431,-0.5536850211542912,-0.7005589672334651,-0.7012351806951119,False,False,True,False,False,False,False,True,Member
0.6866215222815784,-0.05591604798591429,0.3981746276552045,0.39821313020615423,False,False,False,True,False,False,False,True,Normal
0.7385872571239863,1.2714678804630908,1.724918397527735,1.7244189009682256,False,False,True,True,False,False,False,True,Member
-0.2591548518502515,0.9396218983508394,0.41347732396284637,0.41363063520331267,False,False,True,False,False,True,False,False,Member
-1.6570331191110328,-0.38776203009816557,-1.0785355660322136,-1.0783633711126195,True,True,False,False,False,False,False,True,Normal
1.4903582211774924,-1.3832999764349192,-0.7709513702486165,-0.770714066851138,False,False,False,True,False,False,True,False,Member
-1.38681129793051,-0.7196080122104168,-1.0050826237555337,-1.0052803928793355,False,False,False,True,False,False,False,True,Member
0.9239317113952428,-1.2173769853787937,-0.6668930353566535,-0.667496874305226,False,False,True,False,False,False,False,True,Normal
-1.068088124230406,0.44185292518246255,-0.5368201167416996,-0.5368485365046294,False,False,False,False,False,True,False,False,Member
0.6675674195060285,1.2714678804630908,1.6453443767279985,1.6453291026061787,True,True,False,True,True,False,False,False,Member
-0.8584929936993597,0.44185292518246255,-0.3684904573576416,-0.3683572318928254,False,False,False,True,False,False,False,False,Normal
0.2189299086999041,0.9396218983508394,0.886330639868973,0.8866677203434039,True,True,False,False,False,True,False,False,Member
-1.1598942557853273,0.7736989072947138,-0.521517420434058,-0.5219315998515344,False,False,True,True,False,False,False,True,Normal
-0.169080911456744,0.7736989072947138,0.39664435802444037,0.3971118798492142,False,False,True,False,True,False,False,False,Member
-1.3885434890919235,1.2714678804630908,-0.643938990895191,-0.6434695937901737,False,False,False,True,False,False,True,False,Normal
-0.9676210368684169,0.44185292518246255,-0.45571582631119883,-0.45605680577276614,False,False,True,False,False,False,True,False,Normal
-0.7649546709830248,1.2714678804630908,0.05080342147173938,0.05071858575721098,True,True,False,True,False,False,True,False,Normal
-1.1321791972027098,0.6077759162385882,-0.5429411952647563,-0.5423547882893288,False,False,False,False,False,False,True,False,Member
-1.3348455630881018,1.105544889406965,-0.6179244071722001,-0.6172398125612416,False,False,True,True,False,False,False,False,Member
0.9568433434621009,-0.05591604798591429,0.5649740174084984,0.56530284345458,True,True,False,True,True,False,False,False,Member
0.15137445340477365,0.11000694307021133,0.19311849713280657,0.19267976813364476,False,False,True,True,False,False,False,True,Member
0.8390543444859756,-1.549222967491045,-1.0188550504324112,-1.0191961928443032,False,False,False,True,True,False,False,False,Normal
-0.6402369073612452,-1.3832999764349192,-1.034157746740053,-1.034213243166211,False,False,True,False,False,False,True,False,Normal
1.7571156600351878,0.9396218983508394,2.408948922479316,2.408695827303151,False,False,True,False,False,False,True,False,Member
-0.06688163293334118,-1.2173769853787937,-0.8520556606791174,-0.8514056839141885,True,True,False,False,False,True,False,False,Member
-0.38560480663344493,1.4373908715192163,0.5649740174084984,0.5652027297857671,True,True,False,False,False,False,False,True,Member
0.22932305566838584,1.4373908715192163,1.287261283129184,1.287723077607151,False,False,True,False,False,False,False,False,Member
-0.8186525969868467,-1.3832999764349192,-1.0555815215707511,-1.056238250305009,False,False,True,True,False,False,True,False,Normal
1.211475444189901,-0.38776203009816557,0.34002438168616644,0.3407478843076542,False,False,True,False,False,False,False,True,Normal
-0.8013306853727107,1.105544889406965,-0.05631545268175212,-0.056302926203584375,False,False,False,False,False,False,True,False,Member
-0.03223780970506884,1.4373908715192163,0.9796770873455869,0.9803741143521075,False,False,False,False,True,False,False,False,Member
-1.407597591867473,1.4373908715192163,-0.6362876427413703,-0.6356607276227817,True,True,False,False,False,False,True,False,Normal
-0.09806107383878607,-1.3832999764349192,-0.9668258829864297,-0.96713708506169,False,False,True,False,False,False,True,False,Member
1.2946206199377541,-0.22183903904203991,0.5787464440853758,0.578117393062608,False,False,False,False,False,False,False,True,Normal
-0.8463676555694644,-1.2173769853787937,-0.9959010059709488,-0.9959698216797528,False,False,False,True,False,True,False,False,Member
-0.6177184222628683,0.9396218983508394,0.05845476962556031,0.05882779293104099,True,True,False,False,False,False,False,False,Normal
-0.1760096761023983,0.6077759162385882,0.2849346749786564,0.2854851391230339,False,False,False,True,False,False,False,False,Normal
-0.44969587960574825,0.44185292518246255,-0.03948248674334627,-0.039684057180673124,False,False,False,True,False,True,False,False,Member
-1.0906066093287832,-0.05591604798591429,-0.7005589672334651,-0.700834726019861,True,True,False,False,False,True,False,False,Member
1.180296003284456,-0.8855310032665424,-0.24147807800421595,-0.24181355451355016,False,False,True,False,False,False,False,False,Normal
-1.6102639577528655,1.4373908715192163,-0.8734794355098157,-0.8737310320594244,True,True,False,False,False,True,False,False,Normal
-0.6073252752943866,-1.549222967491045,-1.109140958647497,-1.1086978127628728,False,False,False,False,False,False,True,False,Normal
-0.9485669340928672,-1.3832999764349192,-1.072414487509157,-1.0723565509838564,True,True,False,True,False,False,False,True,Normal
0.9118063732653474,-0.7196080122104168,-0.15272243941989444,-0.15241204826379331,False,False,False,True,True,False,False,False,Member
0.4441147596836732,1.105544889406965,1.253595351252372,1.2530837481979507,False,False,True,True,False,True,False,False,Normal
1.7467225130667063,1.2714678804630908,2.846606036877867,2.8465930146899785,True,True,False,True,False,False,True,False,Member
1.3119425315518904,-0.5536850211542912,0.19311849713280657,0.19328045014652082,False,False,False,False,False,True,False,False,Member
1.6323978964134083,-1.3832999764349192,-0.7525881346794467,-0.7530940611400996,True,True,False,True,False,False,False,False,Member
1.7051499251927793,0.6077759162385882,1.9146718317424911,1.9142344170371386,False,False,True,True,True,False,False,False,Normal
0.9932193578517868,1.105544889406965,1.830507002050462,1.8303391625720813,False,False,False,False,False,False,True,False,Member
-0.953763507577108,-1.3832999764349192,-1.072414487509157,-1.0729572329967327,True,True,False,True,False,True,False,False,Normal
0.9499145788164466,1.105544889406965,1.7845989131275375,1.7847874432622945,False,False,True,False,False,False,False,True,Member
-0.12404394125999023,0.27592993412633693,0.11354447633307012,0.11369008344041034,True,True,False,True,True,False,False,False,Member
-0.05648848596485945,-0.8855310032665424,-0.624045485695257,-0.624247769378132,False,False,False,True,False,False,False,True,Member
-0.7822765825971609,-1.051453994322668,-0.9163269851712122,-0.9163794549736423,False,False,True,False,False,False,False,True,Normal
0.22239429102273126,-0.22183903904203991,-0.018058711912648028,-0.018660186730002463,False,False,True,True,False,True,False,False,Member
-0.02530904505941456,-1.3832999764349192,-0.9576442652018446,-0.9581268548685455,False,False,True,False,False,True,False,False,Member
0.868501594230007,0.9396218983508394,1.5290438847899217,1.5293974741210519,False,False,False,True,False,False,False,True,Member
-1.0802134623603015,-0.5536850211542912,-0.8428740428945324,-0.8422953400522311,False,False,False,True,True,False,False,False,Normal
-0.9797463749983123,-1.2173769853787937,-1.0203853200631754,-1.020697897876494,False,False,True,False,False,False,False,False,Normal
-0.7268464654319255,0.11000694307021133,-0.4052169284959814,-0.4047986073406546,False,False,True,True,False,False,False,False,Member
0.8996810351354522,1.4373908715192163,2.075350142972728,2.075417423825614,False,False,True,False,False,True,False,False,Member
0.5792256702739345,0.27592993412633693,0.63536642042365,0.6355826389611078,True,True,False,False,True,False,False,False,Normal
1.2391905027725187,0.27592993412633693,1.1250527022681824,1.125338706792923,False,False,False,False,True,False,False,False,Member
0.37309492206571526,0.44185292518246255,0.6215939937467726,0.6217669526649527,False,False,True,False,False,False,True,False,Member
0.5324565089157671,-1.051453994322668,-0.5919098234492094,-0.591210258669935,False,False,True,False,False,False,True,False,Member
-1.4907427676153264,-1.2173769853787937,-1.1152620371705535,-1.1155055422421378,False,False,True,True,False,False,False,True,Normal
1.5804321615709997,-1.051453994322668,-0.3317639862193016,-0.3319158564449961,True,True,False,False,False,False,True,False,Member
1.187224767930111,1.4373908715192163,2.4135397313716087,2.413301056068536,False,False,True,True,False,False,True,False,Normal
-0.42544520334595765,1.105544889406965,0.3384941120554023,0.33884572460021256,False,False,False,True,False,True,False,False,Member
-0.24876170488176977,-1.2173769853787937,-0.885721592555929,-0.8851439903040742,False,False,True,False,False,False,False,True,Member
-1.0646237419075788,-0.22183903904203991,-0.7357551687410409,-0.7350736007538105,True,True,False,True,True,False,False,False,Normal
-1.0611593595847517,1.2714678804630908,-0.27973481877332007,-0.27905583931188127,True,True,False,True,False,False,True,False,Member
0.8494474914544573,1.4373908715192163,2.015669627372926,2.0163503592261107,False,False,True,True,False,False,False,False,Member
0.7992139477734626,0.11000694307021133,0.6338361507928859,0.6333801382472279,True,True,False,True,False,False,True,False,Normal
1.3344610166502673,0.11000694307021133,0.9980403229147568,0.9974935517190823,False,False,True,False,False,False,False,False,Member
-1.315791460312552,-1.2173769853787937,-1.0831263749245061,-1.083068713546817,False,False,True,False,False,False,True,False,Member
-0.5016616144481565,1.2714678804630908,0.3430849209476947,0.34375129437203555,False,False,False,False,False,False,False,False,Normal
-0.8515642290537052,-0.5536850211542912,-0.7434065168948616,-0.7432829215964533,True,True,False,True,False,False,False,False,Member
-0.8723505229906686,1.2714678804630908,-0.06855760972786545,-0.0688171348051741,False,False,False,False,True,False,False,False,Member
0.3713627309043017,0.27592993412633693,0.4808091877164695,0.4813074753207098,False,False,True,False,False,False,True,False,Member
-0.9936039042896211,-1.3832999764349192,-1.0785355660322136,-1.0779629164373685,False,False,True,True,False,False,False,True,Normal
1.4176061923981205,-0.7196080122104168,0.035500725164097795,0.03530108076005239,False,False,True,False,False,True,False,False,Member
-0.3267103071453823,-0.5536850211542912,-0.5153963419110013,-0.516024893391584,False,False,False,False,False,False,False,True,Member
0.014531351653098488,1.2714678804630908,0.9184663021150203,0.9184037533570353,False,False,True,False,False,False,True,False,Normal
-0.011451515768105686,-1.051453994322668,-0.7250432813256917,-0.725662915885415,False,False,True,True,False,True,False,False,Member
-1.333113371926688,1.4373908715192163,-0.5475320041570487,-0.5480612674116537,True,True,False,False,True,False,False,False,Normal
0.3765593043885424,0.9396218983508394,1.0424181422069176,1.042644816353618,True,True,False,False,False,False,True,False,Member
-0.5900033636802505,-0.38776203009816557,-0.550592543418577,-0.5504639954631589,False,False,False,True,False,False,True,False,Normal
0.4960804945260813,1.603313862575342,1.7478724419891971,1.7479456131392144,False,False,False,True,False,False,True,False,Normal
0.8061427124191172,0.9396218983508394,1.4678330995593554,1.4677274541324175,False,False,True,True,False,False,False,False,Normal
1.486893838854665,-1.3832999764349192,-0.7709513702486165,-0.7711145215263887,True,True,False,False,False,False,False,False,Member
-0.04782753015779129,1.2714678804630908,0.849604168730633,0.8490249808698218,False,False,False,True,False,False,True,False,Normal
1.6064150289922037,0.6077759162385882,1.828976732419698,1.8287373438710774,False,False,False,True,False,True,False,False,Member
1.5665746322796907,-1.549222967491045,-0.9744772311402505,-0.9742451555473931,False,False,False,True,True,False,False,False,Normal
-1.0594271684233383,1.603313862575342,-0.17567648388135682,-0.17593876043478193,False,False,False,True,False,True,False,False,Normal
0.40600655413257375,0.44185292518246255,0.6476085774697634,0.6481969612315104,False,False,False,True,False,False,False,False,Member
1.7276684102911561,1.105544889406965,2.6017628959556007,2.60241577645576,False,False,False,True,False,True,False,False,Member
1.0988830186980167,1.4373908715192163,2.3094813964796455,2.309483181509748,False,False,False,False,False,False,True,False,Member
1.6081472201536176,0.6077759162385882,1.830507002050462,1.830239048903268,False,False,False,True,False,False,True,False,Member
1.6358622787362354,1.603313862575342,3.1572507719229925,3.1576461836910927,False,False,True,False,False,True,False,False,Member
-1.5461728847805618,-0.8855310032665424,-1.0846566445552703,-1.084870759585446,False,False,False,True,False,True,False,False,Normal
-0.35615755688941364,-0.38776203009816557,-0.4342920514805006,-0.4347325943156573,False,False,False,False,False,False,True,False,Member
-0.08073916222465005,-0.22183903904203991,-0.18791864092747013,-0.18745183234824453,False,False,False,True,False,False,False,True,Member
0.3644339662586471,-1.2173769853787937,-0.7709513702486165,-0.7713147488640143,False,False,False,True,False,False,False,True,Normal
1.0694357689539857,0.7736989072947138,1.5458768507283276,1.5460163431439626,True,True,False,True,False,False,True,False,Normal
0.920467329072415,-0.5536850211542912,0.02325856811798447,0.023788008846589794,False,False,True,False,False,False,False,False,Normal
-0.29379867507852353,0.27592993412633693,-0.011937633389591366,-0.012252911925988525,True,True,False,False,True,False,False,False,Normal
-0.83943889092381,1.603313862575342,0.0967115103946644,0.09617019139818474,False,False,False,False,True,False,False,False,Member
-1.3036661221826567,1.603313862575342,-0.4786698707726613,-0.47808181291156404,True,True,False,True,False,False,False,False,Member
0.5515106116913168,-1.3832999764349192,-0.887251862186693,-0.8868459226738905,False,False,True,True,False,False,False,True,Normal
-0.5553595404519784,0.11000694307021133,-0.28738616692714086,-0.2880660695050258,False,False,True,True,False,True,False,False,Normal
1.362176075232885,-0.7196080122104168,0.01407695033339941,0.014677664984632516,False,False,True,True,False,False,False,True,Normal
-0.6437012896840724,1.4373908715192163,0.2619806305171941,0.2619584269520453,False,False,False,True,False,False,False,False,Normal
0.42332846574670974,-1.3832999764349192,-0.9025545584943346,-0.9026638823462998,False,False,True,False,False,False,True,False,Normal
-0.799598494211297,-0.05591604798591429,-0.521517420434058,-0.5209304631634073,False,False,True,False,False,True,False,False,Member
-0.7666868621444385,-0.38776203009816557,-0.6378179123721344,-0.6378632283366615,False,False,True,False,False,True,False,False,Normal
-0.14309804403553983,-1.3832999764349192,-0.9729469615094862,-0.9727434505152023,False,False,True,True,False,False,True,False,Member
-0.5761458343889417,0.11000694307021133,-0.30268886323478245,-0.3022822104764317,False,False,True,True,False,True,False,False,Member
0.7524447864152952,-0.5536850211542912,-0.0486641045279312,-0.048894514711443175,False,False,False,False,False,False,True,False,Member
-1.5236543996821852,-0.05591604798591429,-0.9683561526171939,-0.9686387900938809,True,True,False,True,True,False,False,False,Member
1.2998171934219953,0.44185292518246255,1.3668353039289205,1.3668128759691982,False,False,False,False,True,False,False,False,Member
-1.6882125600164777,-0.38776203009816557,-1.0938382623398553,-1.093780876109778,True,True,False,True,False,False,False,False,Normal
1.1647062828317336,0.9396218983508394,1.8228556538966414,1.822530296404689,False,False,True,True,True,False,False,False,Member
-1.6639618837566872,-1.549222967491045,-1.1734122831395917,-1.173971924828765,False,False,False,True,False,False,False,True,Member
-0.48780408515684776,-0.22183903904203991,-0.41439854628056644,-0.41400906487142464,False,False,False,False,False,False,True,False,Normal
0.05263955720419796,-1.3832999764349192,-0.9484626474172596,-0.9485159426625246,True,True,False,False,True,False,False,False,Member
1.7536512777123605,-1.3832999764349192,-0.7388157080025692,-0.7381771244870047,False,False,False,True,False,True,False,False,Member
-0.6904704510422398,1.4373908715192163,0.20689092380968405,0.20699602277386317,False,False,True,True,False,False,True,False,Member
-1.4768852383240174,1.4373908715192163,-0.7173919331718709,-0.7170531403675211,False,False,True,True,True,False,False,False,Normal
0.08901557159388356,-0.22183903904203991,-0.09304192382009195,-0.09294452898903903,False,False,True,False,False,False,False,True,Member
-0.05995286828768658,-0.22183903904203991,-0.17567648388135682,-0.1758386467659693,True,True,False,False,False,False,False,False,Member
-0.8948690080890455,-0.05591604798591429,-0.5796676664030961,-0.5797973004252852,False,False,False,False,False,False,False,True,Member
-0.46008902657423,-1.549222967491045,-1.0999593408629118,-1.0995874689009155,False,False,False,False,False,False,False,True,Normal
0.08555118927105641,-0.22183903904203991,-0.09457219345085623,-0.09484668869648064,False,False,True,True,False,True,False,False,Normal
-1.0819456535217151,1.4373908715192163,-0.25372023505032926,-0.2530262854205746,False,False,True,False,False,False,False,True,Normal
-0.9832107573211394,0.44185292518246255,-0.46795798335731215,-0.46857101437435583,False,False,True,False,False,False,True,False,Normal
-0.73377523007758,-0.8855310032665424,-0.8336924251099472,-0.8336855645343373,False,False,True,True,False,False,True,False,Member
-1.6085317665914516,0.11000694307021133,-1.0050826237555337,-1.0045795971976466,False,False,True,False,False,False,False,True,Member
-1.4543667532256408,-0.5536850211542912,-1.0035523541247695,-1.0041791425223956,False,False,True,True,False,False,True,False,Member
1.227065164642624,-1.3832999764349192,-0.8030870324946641,-0.8032510092152713,False,False,True,False,False,False,False,True,Member
1.1387234154105297,-1.051453994322668,-0.4419433996343214,-0.44123998278848386,False,False,True,False,False,False,False,False,Member
-1.165090829269568,-1.051453994322668,-1.0112037022785902,-1.0110869856704732,False,False,True,True,False,False,False,True,Normal
